﻿BatchKeyPath,BatchValueName,ProgramName,RunCounter,FocusCount,FocusTime,LastExecuted
ROOT\SOFTWARE\Microsoft\Windows\CurrentVersion\Explorer\UserAssist\{CEBFF5CD-ACE2-4F4F-9178-9926F41749EA}\Count,HRZR_PGYPHNPbhag:pgbe,UEME_CTLCUACount:ctor,0,0,"0d, 0h, 00m, 00s",
ROOT\SOFTWARE\Microsoft\Windows\CurrentVersion\Explorer\UserAssist\{CEBFF5CD-ACE2-4F4F-9178-9926F41749EA}\Count,Zvpebfbsg.Trgfgnegrq_8jrxlo3q8oojr!Ncc,Microsoft.Getstarted_8wekyb3d8bbwe!App,14,21,"0d, 0h, 07m, 00s",2023-10-14 16:11:43.6787157
ROOT\SOFTWARE\Microsoft\Windows\CurrentVersion\Explorer\UserAssist\{CEBFF5CD-ACE2-4F4F-9178-9926F41749EA}\Count,HRZR_PGYFRFFVBA,UEME_CTLSESSION,108,176,"0d, 1h, 17m, 06s",
ROOT\SOFTWARE\Microsoft\Windows\CurrentVersion\Explorer\UserAssist\{CEBFF5CD-ACE2-4F4F-9178-9926F41749EA}\Count,Zvpebfbsg.JvaqbjfSrrqonpxUho_8jrxlo3q8oojr!Ncc,Microsoft.WindowsFeedbackHub_8wekyb3d8bbwe!App,13,19,"0d, 0h, 06m, 08s",2023-10-14 16:11:43.6787157
ROOT\SOFTWARE\Microsoft\Windows\CurrentVersion\Explorer\UserAssist\{CEBFF5CD-ACE2-4F4F-9178-9926F41749EA}\Count,Zvpebfbsg.JvaqbjfZncf_8jrxlo3q8oojr!Ncc,Microsoft.WindowsMaps_8wekyb3d8bbwe!App,12,17,"0d, 0h, 05m, 17s",2023-10-14 16:11:43.6787157
ROOT\SOFTWARE\Microsoft\Windows\CurrentVersion\Explorer\UserAssist\{CEBFF5CD-ACE2-4F4F-9178-9926F41749EA}\Count,Zvpebfbsg.Crbcyr_8jrxlo3q8oojr!k4p7n3o7ql2188l46q4ln362l19np5n5805r5k,Microsoft.People_8wekyb3d8bbwe!x4c7a3b7dy2188y46d4ya362y19ac5a5805e5x,11,15,"0d, 0h, 04m, 25s",2023-10-14 16:11:43.6787157
ROOT\SOFTWARE\Microsoft\Windows\CurrentVersion\Explorer\UserAssist\{CEBFF5CD-ACE2-4F4F-9178-9926F41749EA}\Count,Zvpebfbsg.ZvpebfbsgFgvpxlAbgrf_8jrxlo3q8oojr!Ncc,Microsoft.MicrosoftStickyNotes_8wekyb3d8bbwe!App,10,13,"0d, 0h, 03m, 34s",2023-10-14 16:11:43.6787157
ROOT\SOFTWARE\Microsoft\Windows\CurrentVersion\Explorer\UserAssist\{CEBFF5CD-ACE2-4F4F-9178-9926F41749EA}\Count,{1NP14R77-02R7-4R5Q-O744-2RO1NR5198O7}\FavccvatGbby.rkr,{System32}\SnippingTool.exe,9,11,"0d, 0h, 02m, 42s",2023-10-14 16:11:43.6787157
ROOT\SOFTWARE\Microsoft\Windows\CurrentVersion\Explorer\UserAssist\{CEBFF5CD-ACE2-4F4F-9178-9926F41749EA}\Count,Zvpebfbsg.JvaqbjfPnyphyngbe_8jrxlo3q8oojr!Ncc,Microsoft.WindowsCalculator_8wekyb3d8bbwe!App,8,9,"0d, 0h, 01m, 51s",2023-10-14 16:11:43.6787157
ROOT\SOFTWARE\Microsoft\Windows\CurrentVersion\Explorer\UserAssist\{CEBFF5CD-ACE2-4F4F-9178-9926F41749EA}\Count,{1NP14R77-02R7-4R5Q-O744-2RO1NR5198O7}\zfcnvag.rkr,{System32}\mspaint.exe,7,7,"0d, 0h, 01m, 00s",2023-10-14 16:11:43.6787157
ROOT\SOFTWARE\Microsoft\Windows\CurrentVersion\Explorer\UserAssist\{CEBFF5CD-ACE2-4F4F-9178-9926F41749EA}\Count,Zvpebfbsg.Jvaqbjf.Rkcybere,Microsoft.Windows.Explorer,6,14,"0d, 0h, 04m, 06s",2023-10-15 11:00:43.4540000
ROOT\SOFTWARE\Microsoft\Windows\CurrentVersion\Explorer\UserAssist\{CEBFF5CD-ACE2-4F4F-9178-9926F41749EA}\Count,Q:\frghc64.rkr,D:\setup64.exe,1,3,"0d, 0h, 00m, 48s",2023-10-14 18:02:24.1700000
ROOT\SOFTWARE\Microsoft\Windows\CurrentVersion\Explorer\UserAssist\{CEBFF5CD-ACE2-4F4F-9178-9926F41749EA}\Count,Zvpebfbsg.Jvaqbjf.FuryyRkcrevraprUbfg_pj5a1u2gklrjl!Ncc,Microsoft.Windows.ShellExperienceHost_cw5n1h2txyewy!App,0,0,"0d, 0h, 00m, 07s",
ROOT\SOFTWARE\Microsoft\Windows\CurrentVersion\Explorer\UserAssist\{CEBFF5CD-ACE2-4F4F-9178-9926F41749EA}\Count,Zvpebfbsg.Jvaqbjf.Frnepu_pj5a1u2gklrjl!PbegnanHV,Microsoft.Windows.Search_cw5n1h2txyewy!CortanaUI,0,11,"0d, 0h, 01m, 25s",
ROOT\SOFTWARE\Microsoft\Windows\CurrentVersion\Explorer\UserAssist\{CEBFF5CD-ACE2-4F4F-9178-9926F41749EA}\Count,jvaqbjf.vzzrefvirpbagebycnary_pj5a1u2gklrjl!zvpebfbsg.jvaqbjf.vzzrefvirpbagebycnary,windows.immersivecontrolpanel_cw5n1h2txyewy!microsoft.windows.immersivecontrolpanel,3,2,"0d, 0h, 00m, 47s",2023-10-16 01:30:30.6930000
ROOT\SOFTWARE\Microsoft\Windows\CurrentVersion\Explorer\UserAssist\{CEBFF5CD-ACE2-4F4F-9178-9926F41749EA}\Count,Zvpebfbsg.Jvaqbjf.FrpUrnyguHV_pj5a1u2gklrjl!FrpUrnyguHV,Microsoft.Windows.SecHealthUI_cw5n1h2txyewy!SecHealthUI,1,2,"0d, 0h, 01m, 50s",2023-10-14 18:37:25.0120000
ROOT\SOFTWARE\Microsoft\Windows\CurrentVersion\Explorer\UserAssist\{CEBFF5CD-ACE2-4F4F-9178-9926F41749EA}\Count,Zvpebfbsg.KobkTnzvatBireynl_8jrxlo3q8oojr!Ncc,Microsoft.XboxGamingOverlay_8wekyb3d8bbwe!App,1,0,"0d, 0h, 00m, 00s",2023-10-15 03:39:54.2360000
ROOT\SOFTWARE\Microsoft\Windows\CurrentVersion\Explorer\UserAssist\{CEBFF5CD-ACE2-4F4F-9178-9926F41749EA}\Count,ZFRqtr,MSEdge,2,8,"0d, 0h, 06m, 21s",2023-10-16 01:39:17.5220000
ROOT\SOFTWARE\Microsoft\Windows\CurrentVersion\Explorer\UserAssist\{CEBFF5CD-ACE2-4F4F-9178-9926F41749EA}\Count,{1NP14R77-02R7-4R5Q-O744-2RO1NR5198O7}\JvaqbjfCbjreFuryy\i1.0\cbjrefuryy.rkr,{System32}\WindowsPowerShell\v1.0\powershell.exe,6,13,"0d, 0h, 23m, 44s",2023-10-16 02:32:18.3050000
ROOT\SOFTWARE\Microsoft\Windows\CurrentVersion\Explorer\UserAssist\{CEBFF5CD-ACE2-4F4F-9178-9926F41749EA}\Count,{1NP14R77-02R7-4R5Q-O744-2RO1NR5198O7}\zzp.rkr,{System32}\mmc.exe,1,0,"0d, 0h, 00m, 00s",2023-10-15 10:57:14.5940000
ROOT\SOFTWARE\Microsoft\Windows\CurrentVersion\Explorer\UserAssist\{CEBFF5CD-ACE2-4F4F-9178-9926F41749EA}\Count,Zvpebfbsg.YbpxNcc_pj5a1u2gklrjl!JvaqbjfQrsnhygYbpxFperra,Microsoft.LockApp_cw5n1h2txyewy!WindowsDefaultLockScreen,0,1,"0d, 0h, 00m, 08s",
ROOT\SOFTWARE\Microsoft\Windows\CurrentVersion\Explorer\UserAssist\{CEBFF5CD-ACE2-4F4F-9178-9926F41749EA}\Count,Zvpebfbsg.Jvaqbjf.Furyy.EhaQvnybt,Microsoft.Windows.Shell.RunDialog,0,1,"0d, 0h, 00m, 02s",
ROOT\SOFTWARE\Microsoft\Windows\CurrentVersion\Explorer\UserAssist\{CEBFF5CD-ACE2-4F4F-9178-9926F41749EA}\Count,Zvpebfbsg.Jvaqbjf.PbagebyCnary,Microsoft.Windows.ControlPanel,0,1,"0d, 0h, 00m, 56s",
ROOT\SOFTWARE\Microsoft\Windows\CurrentVersion\Explorer\UserAssist\{CEBFF5CD-ACE2-4F4F-9178-9926F41749EA}\Count,{1NP14R77-02R7-4R5Q-O744-2RO1NR5198O7}\JS.zfp,{System32}\WF.msc,1,1,"0d, 0h, 00m, 28s",2023-10-16 01:04:47.9800000
ROOT\SOFTWARE\Microsoft\Windows\CurrentVersion\Explorer\UserAssist\{CEBFF5CD-ACE2-4F4F-9178-9926F41749EA}\Count,{1NP14R77-02R7-4R5Q-O744-2RO1NR5198O7}\JvaqbjfCbjreFuryy\i1.0\CbjreFuryy_VFR.rkr,{System32}\WindowsPowerShell\v1.0\PowerShell_ISE.exe,1,2,"0d, 0h, 01m, 27s",2023-10-16 01:24:05.2870000
ROOT\SOFTWARE\Microsoft\Windows\CurrentVersion\Explorer\UserAssist\{CEBFF5CD-ACE2-4F4F-9178-9926F41749EA}\Count,{1NP14R77-02R7-4R5Q-O744-2RO1NR5198O7}\BcgvbanySrngherf.rkr,{System32}\OptionalFeatures.exe,1,1,"0d, 0h, 00m, 59s",2023-10-16 01:30:49.8810000
ROOT\SOFTWARE\Microsoft\Windows\CurrentVersion\Explorer\UserAssist\{CEBFF5CD-ACE2-4F4F-9178-9926F41749EA}\Count,{1NP14R77-02R7-4R5Q-O744-2RO1NR5198O7}\abgrcnq.rkr,{System32}\notepad.exe,5,3,"0d, 0h, 01m, 47s",2023-10-16 02:21:17.2890000
ROOT\SOFTWARE\Microsoft\Windows\CurrentVersion\Explorer\UserAssist\{CEBFF5CD-ACE2-4F4F-9178-9926F41749EA}\Count,{1NP14R77-02R7-4R5Q-O744-2RO1NR5198O7}\BcraJvgu.rkr,{System32}\OpenWith.exe,0,1,"0d, 0h, 00m, 02s",
ROOT\SOFTWARE\Microsoft\Windows\CurrentVersion\Explorer\UserAssist\{CEBFF5CD-ACE2-4F4F-9178-9926F41749EA}\Count,P:\Hfref\Obo Ebff\Qrfxgbc\XNCR\XNCR\xncr.rkr,C:\Users\Bob Ross\Desktop\KAPE\KAPE\kape.exe,0,0,"0d, 0h, 00m, 01s",
ROOT\SOFTWARE\Microsoft\Windows\CurrentVersion\Explorer\UserAssist\{F4E57C4B-2036-45F0-A9AB-443BCFE33D9F}\Count,HRZR_PGYPHNPbhag:pgbe,UEME_CTLCUACount:ctor,0,0,"0d, 0h, 00m, 00s",
ROOT\SOFTWARE\Microsoft\Windows\CurrentVersion\Explorer\UserAssist\{F4E57C4B-2036-45F0-A9AB-443BCFE33D9F}\Count,{0139Q44R-6NSR-49S2-8690-3QNSPNR6SSO8}\Npprffbevrf\Favccvat Gbby.yax,{Common Programs}\Accessories\Snipping Tool.lnk,9,0,"0d, 0h, 00m, 00s",2023-10-14 16:11:43.6787157
ROOT\SOFTWARE\Microsoft\Windows\CurrentVersion\Explorer\UserAssist\{F4E57C4B-2036-45F0-A9AB-443BCFE33D9F}\Count,HRZR_PGYFRFFVBA,UEME_CTLSESSION,31,0,"0d, 0h, 00m, 00s",
ROOT\SOFTWARE\Microsoft\Windows\CurrentVersion\Explorer\UserAssist\{F4E57C4B-2036-45F0-A9AB-443BCFE33D9F}\Count,{0139Q44R-6NSR-49S2-8690-3QNSPNR6SSO8}\Npprffbevrf\Cnvag.yax,{Common Programs}\Accessories\Paint.lnk,7,0,"0d, 0h, 00m, 00s",2023-10-14 16:11:43.6787157
ROOT\SOFTWARE\Microsoft\Windows\CurrentVersion\Explorer\UserAssist\{F4E57C4B-2036-45F0-A9AB-443BCFE33D9F}\Count,{9R3995NO-1S9P-4S13-O827-48O24O6P7174}\GnfxOne\Svyr Rkcybere.yax,{User Pinned}\TaskBar\File Explorer.lnk,6,0,"0d, 0h, 00m, 00s",2023-10-15 11:00:43.4540000
ROOT\SOFTWARE\Microsoft\Windows\CurrentVersion\Explorer\UserAssist\{F4E57C4B-2036-45F0-A9AB-443BCFE33D9F}\Count,P:\Hfref\Obo Ebff\Qrfxgbc\Zvpebfbsg Rqtr.yax,C:\Users\Bob Ross\Desktop\Microsoft Edge.lnk,2,0,"0d, 0h, 00m, 00s",2023-10-16 01:39:17.5220000
ROOT\SOFTWARE\Microsoft\Windows\CurrentVersion\Explorer\UserAssist\{F4E57C4B-2036-45F0-A9AB-443BCFE33D9F}\Count,{N77S5Q77-2R2O-44P3-N6N2-NON601054N51}\Jvaqbjf CbjreFuryy\Jvaqbjf CbjreFuryy.yax,{Programs}\Windows PowerShell\Windows PowerShell.lnk,5,0,"0d, 0h, 00m, 00s",2023-10-16 02:32:18.2890000
ROOT\SOFTWARE\Microsoft\Windows\CurrentVersion\Explorer\UserAssist\{F4E57C4B-2036-45F0-A9AB-443BCFE33D9F}\Count,{0139Q44R-6NSR-49S2-8690-3QNSPNR6SSO8}\Nqzvavfgengvir Gbbyf\Jvaqbjf Qrsraqre Sverjnyy jvgu Nqinaprq Frphevgl.yax,{Common Programs}\Administrative Tools\Windows Defender Firewall with Advanced Security.lnk,1,0,"0d, 0h, 00m, 00s",2023-10-16 01:04:47.9800000
ROOT\SOFTWARE\Microsoft\Windows\CurrentVersion\Explorer\UserAssist\{F4E57C4B-2036-45F0-A9AB-443BCFE33D9F}\Count,{0139Q44R-6NSR-49S2-8690-3QNSPNR6SSO8}\Jvaqbjf CbjreFuryy\Jvaqbjf CbjreFuryy VFR.yax,{Common Programs}\Windows PowerShell\Windows PowerShell ISE.lnk,1,0,"0d, 0h, 00m, 00s",2023-10-16 01:24:05.2870000
