﻿Timestamp,BatchKeyPath,DriveName,BatchValueName,VolumeLabel
2023-10-14 18:56:04.4929104,ROOT\Microsoft\Windows Search\VolumeInfoCache\C:,C:,Multiple,
2019-12-07 09:17:28.0391451,ROOT\Microsoft\Windows\CurrentVersion\Uninstall\AddressBook,AddressBook,Multiple,,,,,,,
2019-12-07 09:17:28.0391451,ROOT\Microsoft\Windows\CurrentVersion\Uninstall\Connection Manager,Connection Manager,Multiple,,,,,,,
2019-12-07 09:17:28.0391451,ROOT\Microsoft\Windows\CurrentVersion\Uninstall\DirectDrawEx,DirectDrawEx,Multiple,,,,,,,
2019-12-07 09:54:03.2364648,ROOT\Microsoft\Windows\CurrentVersion\Uninstall\DXM_Runtime,DXM_Runtime,Multiple,,,,,,,
2019-12-07 09:17:28.0391451,ROOT\Microsoft\Windows\CurrentVersion\Uninstall\Fontcore,Fontcore,Multiple,,,,,,,
2019-12-07 09:17:28.0391451,ROOT\Microsoft\Windows\CurrentVersion\Uninstall\IE40,IE40,Multiple,,,,,,,
2019-12-07 09:17:28.0391451,ROOT\Microsoft\Windows\CurrentVersion\Uninstall\IE4Data,IE4Data,Multiple,,,,,,,
2019-12-07 09:17:28.0391451,ROOT\Microsoft\Windows\CurrentVersion\Uninstall\IE5BAKEX,IE5BAKEX,Multiple,,,,,,,
2019-12-07 09:17:28.0391451,ROOT\Microsoft\Windows\CurrentVersion\Uninstall\IEData,IEData,Multiple,,,,,,,
2019-12-07 09:17:28.0391451,ROOT\Microsoft\Windows\CurrentVersion\Uninstall\MobileOptionPack,MobileOptionPack,Multiple,,,,,,,
2019-12-07 09:54:03.2364648,ROOT\Microsoft\Windows\CurrentVersion\Uninstall\MPlayer2,MPlayer2,Multiple,,,,,,,
2019-12-07 09:17:28.0391451,ROOT\Microsoft\Windows\CurrentVersion\Uninstall\SchedulingAgent,SchedulingAgent,Multiple,,,,,,,
2019-12-07 09:17:28.0391451,ROOT\Microsoft\Windows\CurrentVersion\Uninstall\WIC,WIC,Multiple,,,,,,,
2023-10-15 03:44:33.7411798,ROOT\Microsoft\Windows\CurrentVersion\Uninstall\{2953E19B-9F91-4A49-A23B-7E25970A1951},{2953E19B-9F91-4A49-A23B-7E25970A1951},Multiple,Microsoft Update Health Tools,3.73.0.0,Microsoft Corporation,20231014,C:\Windows\TEMP\831124A5-4B11-468A-9AE0-C564CE8FCB1C\,,MsiExec.exe /X{2953E19B-9F91-4A49-A23B-7E25970A1951}
2023-10-14 18:02:36.4475471,ROOT\Microsoft\Windows\CurrentVersion\Uninstall\{38624EB5-356D-4B08-8357-C33D89A5C0C5},{38624EB5-356D-4B08-8357-C33D89A5C0C5},Multiple,Microsoft Visual C++ 2022 X64 Additional Runtime - 14.32.31326,14.32.31326,Microsoft Corporation,20231014,C:\ProgramData\Package Cache\{38624EB5-356D-4B08-8357-C33D89A5C0C5}v14.32.31326\packages\vcRuntimeAdditional_amd64\,,MsiExec.exe /I{38624EB5-356D-4B08-8357-C33D89A5C0C5}
2023-10-14 18:03:20.0883654,ROOT\Microsoft\Windows\CurrentVersion\Uninstall\{65A35679-0C08-4C9A-9AC3-46417F198653},{65A35679-0C08-4C9A-9AC3-46417F198653},Multiple,VMware Tools,12.1.5.20735119,"VMware, Inc.",20231014,C:\Program Files\Common Files\VMware\InstallerCache\,C:\Program Files\VMware\VMware Tools\,MsiExec.exe /I{65A35679-0C08-4C9A-9AC3-46417F198653}
2023-10-15 03:44:30.9131847,ROOT\Microsoft\Windows\CurrentVersion\Uninstall\{7B63012A-4AC6-40C6-B6AF-B24A84359DD5},{7B63012A-4AC6-40C6-B6AF-B24A84359DD5},Multiple,Update for Windows 10 for x64-based Systems (KB5001716),8.93.0.0,Microsoft Corporation,20231014,C:\Windows\SoftwareDistribution\Download\e6fb0b2814093617c3790f24969f4940\img\,,MsiExec.exe /X{7B63012A-4AC6-40C6-B6AF-B24A84359DD5}
2023-10-14 18:02:35.1827447,ROOT\Microsoft\Windows\CurrentVersion\Uninstall\{C96241EA-9900-4FE8-85B3-1E238D509DF6},{C96241EA-9900-4FE8-85B3-1E238D509DF6},Multiple,Microsoft Visual C++ 2022 X64 Minimum Runtime - 14.32.31326,14.32.31326,Microsoft Corporation,20231014,C:\ProgramData\Package Cache\{C96241EA-9900-4FE8-85B3-1E238D509DF6}v14.32.31326\packages\vcRuntimeMinimum_amd64\,,MsiExec.exe /I{C96241EA-9900-4FE8-85B3-1E238D509DF6}
2019-12-07 09:17:27.1954396,ROOT\WOW6432Node\Microsoft\Windows\CurrentVersion\Uninstall\AddressBook,AddressBook,Multiple,,,,,,,
2019-12-07 09:17:27.1954396,ROOT\WOW6432Node\Microsoft\Windows\CurrentVersion\Uninstall\Connection Manager,Connection Manager,Multiple,,,,,,,
2019-12-07 09:17:27.1954396,ROOT\WOW6432Node\Microsoft\Windows\CurrentVersion\Uninstall\DirectDrawEx,DirectDrawEx,Multiple,,,,,,,
2019-12-07 09:54:03.0174470,ROOT\WOW6432Node\Microsoft\Windows\CurrentVersion\Uninstall\DXM_Runtime,DXM_Runtime,Multiple,,,,,,,
2019-12-07 09:17:27.1954396,ROOT\WOW6432Node\Microsoft\Windows\CurrentVersion\Uninstall\Fontcore,Fontcore,Multiple,,,,,,,
2019-12-07 09:17:27.1954396,ROOT\WOW6432Node\Microsoft\Windows\CurrentVersion\Uninstall\IE40,IE40,Multiple,,,,,,,
2019-12-07 09:17:27.1954396,ROOT\WOW6432Node\Microsoft\Windows\CurrentVersion\Uninstall\IE4Data,IE4Data,Multiple,,,,,,,
2019-12-07 09:17:27.1954396,ROOT\WOW6432Node\Microsoft\Windows\CurrentVersion\Uninstall\IE5BAKEX,IE5BAKEX,Multiple,,,,,,,
2019-12-07 09:17:27.1954396,ROOT\WOW6432Node\Microsoft\Windows\CurrentVersion\Uninstall\IEData,IEData,Multiple,,,,,,,
2023-10-14 15:58:12.6146859,ROOT\WOW6432Node\Microsoft\Windows\CurrentVersion\Uninstall\Microsoft Edge,Microsoft Edge,Multiple,Microsoft Edge,118.0.2088.46,Microsoft Corporation,20231014,,C:\Program Files (x86)\Microsoft\Edge\Application,"""C:\Program Files (x86)\Microsoft\Edge\Application\118.0.2088.46\Installer\setup.exe"" --uninstall --msedge --channel=stable --system-level --verbose-logging"
2023-10-14 18:54:46.0372955,ROOT\WOW6432Node\Microsoft\Windows\CurrentVersion\Uninstall\Microsoft Edge Update,Microsoft Edge Update,Multiple,Microsoft Edge Update,1.3.177.11,,,,,
2023-10-15 11:03:25.7953578,ROOT\WOW6432Node\Microsoft\Windows\CurrentVersion\Uninstall\Microsoft EdgeWebView,Microsoft EdgeWebView,Multiple,Microsoft Edge WebView2 Runtime,117.0.2045.60,Microsoft Corporation,20231015,,C:\Program Files (x86)\Microsoft\EdgeWebView\Application,"""C:\Program Files (x86)\Microsoft\EdgeWebView\Application\117.0.2045.60\Installer\setup.exe"" --uninstall --msedgewebview --system-level --verbose-logging"
2019-12-07 09:17:27.1954396,ROOT\WOW6432Node\Microsoft\Windows\CurrentVersion\Uninstall\MobileOptionPack,MobileOptionPack,Multiple,,,,,,,
2019-12-07 09:54:03.0174470,ROOT\WOW6432Node\Microsoft\Windows\CurrentVersion\Uninstall\MPlayer2,MPlayer2,Multiple,,,,,,,
2019-12-07 09:17:27.1954396,ROOT\WOW6432Node\Microsoft\Windows\CurrentVersion\Uninstall\SchedulingAgent,SchedulingAgent,Multiple,,,,,,,
2019-12-07 09:17:27.1954396,ROOT\WOW6432Node\Microsoft\Windows\CurrentVersion\Uninstall\WIC,WIC,Multiple,,,,,,,
2023-10-14 18:02:36.5566186,ROOT\WOW6432Node\Microsoft\Windows\CurrentVersion\Uninstall\{2d507699-404c-4c8b-a54a-38e352f32cdd},{2d507699-404c-4c8b-a54a-38e352f32cdd},Multiple,Microsoft Visual C++ 2015-2022 Redistributable (x64) - 14.32.31326,14.32.31326.0,Microsoft Corporation,,,,"""C:\ProgramData\Package Cache\{2d507699-404c-4c8b-a54a-38e352f32cdd}\VC_redist.x64.exe""  /uninstall"
2023-10-14 18:02:31.1824982,ROOT\WOW6432Node\Microsoft\Windows\CurrentVersion\Uninstall\{46E11E7F-01E1-44D0-BB86-C67342D253DD},{46E11E7F-01E1-44D0-BB86-C67342D253DD},Multiple,Microsoft Visual C++ 2022 X86 Minimum Runtime - 14.32.31326,14.32.31326,Microsoft Corporation,20231014,C:\ProgramData\Package Cache\{46E11E7F-01E1-44D0-BB86-C67342D253DD}v14.32.31326\packages\vcRuntimeMinimum_x86\,,MsiExec.exe /I{46E11E7F-01E1-44D0-BB86-C67342D253DD}
2023-10-14 18:02:32.3099766,ROOT\WOW6432Node\Microsoft\Windows\CurrentVersion\Uninstall\{817e21c1-6b3a-4bc1-8c49-67e4e1887b3a},{817e21c1-6b3a-4bc1-8c49-67e4e1887b3a},Multiple,Microsoft Visual C++ 2015-2022 Redistributable (x86) - 14.32.31326,14.32.31326.0,Microsoft Corporation,,,,"""C:\ProgramData\Package Cache\{817e21c1-6b3a-4bc1-8c49-67e4e1887b3a}\VC_redist.x86.exe""  /uninstall"
2023-10-14 18:02:32.1932428,ROOT\WOW6432Node\Microsoft\Windows\CurrentVersion\Uninstall\{A250E750-DB3F-40C1-8460-8EF77C7582DA},{A250E750-DB3F-40C1-8460-8EF77C7582DA},Multiple,Microsoft Visual C++ 2022 X86 Additional Runtime - 14.32.31326,14.32.31326,Microsoft Corporation,20231014,C:\ProgramData\Package Cache\{A250E750-DB3F-40C1-8460-8EF77C7582DA}v14.32.31326\packages\vcRuntimeAdditional_x86\,,MsiExec.exe /I{A250E750-DB3F-40C1-8460-8EF77C7582DA}
