﻿Extension,BatchKeyPath,ValueName,BatchValueName,TargetName,LnkName,MruPosition,OpenedOn,ExtensionLastOpened
RecentDocs,ROOT\SOFTWARE\Microsoft\Windows\CurrentVersion\Explorer\RecentDocs,11,11,Temp,Temp.lnk,0,2023-10-16 02:21:17.4615116,2023-10-16 02:21:17.4615116
RecentDocs,ROOT\SOFTWARE\Microsoft\Windows\CurrentVersion\Explorer\RecentDocs,12,12,amc45A0.tmp,amc45A0.lnk,1,,2023-10-16 02:21:17.4458021
RecentDocs,ROOT\SOFTWARE\Microsoft\Windows\CurrentVersion\Explorer\RecentDocs,10,10,amc51A5.tmp,amc51A5.lnk,2,,
RecentDocs,ROOT\SOFTWARE\Microsoft\Windows\CurrentVersion\Explorer\RecentDocs,8,8,Downloads,Downloads.lnk,3,,
RecentDocs,ROOT\SOFTWARE\Microsoft\Windows\CurrentVersion\Explorer\RecentDocs,9,9,adbd6ea7-2360-4233-8f39-f486b70f35e0.tmp,adbd6ea7-2360-4233-8f39-f486b70f35e0.tmp.lnk,4,,
RecentDocs,ROOT\SOFTWARE\Microsoft\Windows\CurrentVersion\Explorer\RecentDocs,7,7,rev_pshell.ps1,rev_pshell.lnk,5,,2023-10-16 01:43:45.9992542
RecentDocs,ROOT\SOFTWARE\Microsoft\Windows\CurrentVersion\Explorer\RecentDocs,6,6,system32,system32.lnk,6,,
RecentDocs,ROOT\SOFTWARE\Microsoft\Windows\CurrentVersion\Explorer\RecentDocs,5,5,This PC,This PC.lnk,7,,
RecentDocs,ROOT\SOFTWARE\Microsoft\Windows\CurrentVersion\Explorer\RecentDocs,4,4,Documents,Documents.lnk,8,,
RecentDocs,ROOT\SOFTWARE\Microsoft\Windows\CurrentVersion\Explorer\RecentDocs,3,3,PSLogginh,PSLogginh.lnk,9,,
RecentDocs,ROOT\SOFTWARE\Microsoft\Windows\CurrentVersion\Explorer\RecentDocs,2,2,The Internet,The Internet.lnk,10,,
RecentDocs,ROOT\SOFTWARE\Microsoft\Windows\CurrentVersion\Explorer\RecentDocs,1,1,kglcheck/,ms-gamingoverlay--kglcheck-.lnk,11,,
RecentDocs,ROOT\SOFTWARE\Microsoft\Windows\CurrentVersion\Explorer\RecentDocs,0,0,C:\,Local Disk (C).lnk,12,,
Folder,ROOT\SOFTWARE\Microsoft\Windows\CurrentVersion\Explorer\RecentDocs\Folder,4,4,Temp,Temp.lnk,0,2023-10-16 02:21:17.4615116,
Folder,ROOT\SOFTWARE\Microsoft\Windows\CurrentVersion\Explorer\RecentDocs\Folder,3,3,Downloads,Downloads.lnk,1,,
Folder,ROOT\SOFTWARE\Microsoft\Windows\CurrentVersion\Explorer\RecentDocs\Folder,2,2,system32,system32.lnk,2,,
Folder,ROOT\SOFTWARE\Microsoft\Windows\CurrentVersion\Explorer\RecentDocs\Folder,1,1,This PC,This PC.lnk,3,,
Folder,ROOT\SOFTWARE\Microsoft\Windows\CurrentVersion\Explorer\RecentDocs\Folder,0,0,The Internet,The Internet.lnk,4,,
.tmp,ROOT\SOFTWARE\Microsoft\Windows\CurrentVersion\Explorer\RecentDocs\.tmp,2,2,amc45A0.tmp,amc45A0.lnk,0,2023-10-16 02:21:17.4458021,
.tmp,ROOT\SOFTWARE\Microsoft\Windows\CurrentVersion\Explorer\RecentDocs\.tmp,1,1,amc51A5.tmp,amc51A5.lnk,1,,
.tmp,ROOT\SOFTWARE\Microsoft\Windows\CurrentVersion\Explorer\RecentDocs\.tmp,0,0,adbd6ea7-2360-4233-8f39-f486b70f35e0.tmp,adbd6ea7-2360-4233-8f39-f486b70f35e0.tmp.lnk,2,,
.ps1,ROOT\SOFTWARE\Microsoft\Windows\CurrentVersion\Explorer\RecentDocs\.ps1,0,0,rev_pshell.ps1,rev_pshell.lnk,0,2023-10-16 01:43:45.9992542,
.ps1,ROOT\SOFTWARE\Microsoft\Windows\CurrentVersion\Explorer\RecentDocs\.ps1,0,0,rev_pshell.ps1,rev_pshell.lnk,0,2023-10-16 01:43:45.9992542,
.tmp,ROOT\SOFTWARE\Microsoft\Windows\CurrentVersion\Explorer\RecentDocs\.tmp,2,2,amc45A0.tmp,amc45A0.lnk,0,2023-10-16 02:21:17.4458021,
.tmp,ROOT\SOFTWARE\Microsoft\Windows\CurrentVersion\Explorer\RecentDocs\.tmp,1,1,amc51A5.tmp,amc51A5.lnk,1,,
.tmp,ROOT\SOFTWARE\Microsoft\Windows\CurrentVersion\Explorer\RecentDocs\.tmp,0,0,adbd6ea7-2360-4233-8f39-f486b70f35e0.tmp,adbd6ea7-2360-4233-8f39-f486b70f35e0.tmp.lnk,2,,
Folder,ROOT\SOFTWARE\Microsoft\Windows\CurrentVersion\Explorer\RecentDocs\Folder,4,4,Temp,Temp.lnk,0,2023-10-16 02:21:17.4615116,
Folder,ROOT\SOFTWARE\Microsoft\Windows\CurrentVersion\Explorer\RecentDocs\Folder,3,3,Downloads,Downloads.lnk,1,,
Folder,ROOT\SOFTWARE\Microsoft\Windows\CurrentVersion\Explorer\RecentDocs\Folder,2,2,system32,system32.lnk,2,,
Folder,ROOT\SOFTWARE\Microsoft\Windows\CurrentVersion\Explorer\RecentDocs\Folder,1,1,This PC,This PC.lnk,3,,
Folder,ROOT\SOFTWARE\Microsoft\Windows\CurrentVersion\Explorer\RecentDocs\Folder,0,0,The Internet,The Internet.lnk,4,,
