SourceFile,SourceCreated,SourceModified,SourceAccessed,AppId,AppIdDescription,DestListVersion,LastUsedEntryNumber,MRU,EntryNumber,CreationTime,LastModified,Hostname,MacAddress,Path,InteractionCount,PinStatus,FileBirthDroid,FileDroid,VolumeBirthDroid,VolumeDroid,TargetCreated,TargetModified,TargetAccessed,FileSize,RelativePath,WorkingDirectory,FileAttributes,HeaderFlags,DriveType,VolumeSerialNumber,VolumeLabel,LocalPath,CommonPath,TargetIDAbsolutePath,TargetMFTEntryNumber,TargetMFTSequenceNumber,MachineID,MachineMACAddress,TrackerCreatedOn,ExtraBlocksPresent,Arguments,Notes
C:\Users\Bob Ross\Desktop\KAPE\KAPE\ROSS01\C\Users\Bob Ross\AppData\Roaming\Microsoft\Windows\Recent\AutomaticDestinations\5f7b5f1e01b83767.automaticDestinations-ms,2023-10-14 16:14:05.6467292,2023-10-16 02:21:17.4458021,2023-10-16 02:37:24.2147395,5f7b5f1e01b83767,Quick Access,4,4,0,4,2023-10-16 01:32:53.2654283,2023-10-16 02:21:17.4458021,潲獳㄰,00:0c:29:ee:92:e9,C:\Windows\Temp\amc45A0.tmp,1,False,ecea90cb-6bc3-11ee-838c-000c29ee92e9,ecea90cb-6bc3-11ee-838c-000c29ee92e9,7ac1ae1a-7eb7-4b2f-864a-4bb32033b5ba,7ac1ae1a-7eb7-4b2f-864a-4bb32033b5ba,2023-10-14 18:53:10.8028399,2023-10-14 18:55:12.0061500,2023-10-14 18:55:12.0061500,8192,,,FileAttributeArchive,"HasTargetIdList, HasLinkInfo, IsUnicode, DisableKnownFolderTracking, AllowLinkToLink",Fixed storage media (Hard drive),2E1C2282,,C:\Windows\Temp\amc45A0.tmp,,My Computer\C:\Windows\Temp\amc45A0.tmp,0x19169,0x3,ross01,00:0c:29:ee:92:e9,2023-10-16 01:32:53.2654283,"TrackerDataBaseBlock, PropertyStoreDataBlock",,
C:\Users\Bob Ross\Desktop\KAPE\KAPE\ROSS01\C\Users\Bob Ross\AppData\Roaming\Microsoft\Windows\Recent\AutomaticDestinations\5f7b5f1e01b83767.automaticDestinations-ms,2023-10-14 16:14:05.6467292,2023-10-16 02:21:17.4458021,2023-10-16 02:37:24.2147395,5f7b5f1e01b83767,Quick Access,4,4,1,3,2023-10-16 01:32:53.2654273,2023-10-16 02:21:14.3052165,潲獳㄰,00:0c:29:ee:92:e9,C:\Windows\Temp\amc51A5.tmp,1,False,ecea90c1-6bc3-11ee-838c-000c29ee92e9,ecea90c1-6bc3-11ee-838c-000c29ee92e9,7ac1ae1a-7eb7-4b2f-864a-4bb32033b5ba,7ac1ae1a-7eb7-4b2f-864a-4bb32033b5ba,2023-10-14 18:53:13.8806941,2023-10-14 18:55:12.0061500,2023-10-14 18:55:12.0061500,32768,,,FileAttributeArchive,"HasTargetIdList, HasLinkInfo, IsUnicode, DisableKnownFolderTracking, AllowLinkToLink",Fixed storage media (Hard drive),2E1C2282,,C:\Windows\Temp\amc51A5.tmp,,My Computer\C:\Windows\Temp\amc51A5.tmp,0x191CC,0x1,ross01,00:0c:29:ee:92:e9,2023-10-16 01:32:53.2654273,"TrackerDataBaseBlock, PropertyStoreDataBlock",,
C:\Users\Bob Ross\Desktop\KAPE\KAPE\ROSS01\C\Users\Bob Ross\AppData\Roaming\Microsoft\Windows\Recent\AutomaticDestinations\5f7b5f1e01b83767.automaticDestinations-ms,2023-10-14 16:14:05.6467292,2023-10-16 02:21:17.4458021,2023-10-16 02:37:24.2147395,5f7b5f1e01b83767,Quick Access,4,4,2,2,,2023-10-16 02:20:37.3521275,,,C:\Users\Bob Ross\Downloads\adbd6ea7-2360-4233-8f39-f486b70f35e0.tmp,1,False,,,,,,,,0,,,0,"HasTargetIdList, HasLinkInfo, IsUnicode, DisableKnownFolderTracking, AllowLinkToLink",Fixed storage media (Hard drive),2E1C2282,,C:\Users\Bob Ross\Downloads\adbd6ea7-2360-4233-8f39-f486b70f35e0.tmp,,My Computer\C:\Users\Bob Ross\Downloads\adbd6ea7-2360-4233-8f39-f486b70f35e0.tmp,0x104E3,0x6,,,,PropertyStoreDataBlock,,
C:\Users\Bob Ross\Desktop\KAPE\KAPE\ROSS01\C\Users\Bob Ross\AppData\Roaming\Microsoft\Windows\Recent\AutomaticDestinations\5f7b5f1e01b83767.automaticDestinations-ms,2023-10-14 16:14:05.6467292,2023-10-16 02:21:17.4458021,2023-10-16 02:37:24.2147395,5f7b5f1e01b83767,Quick Access,4,4,3,1,2023-10-16 01:32:53.2653906,2023-10-16 01:43:45.9992542,潲獳㄰,00:0c:29:ee:92:e9,C:\Users\Bob Ross\Downloads\rev_pshell.ps1,1,False,ecea8f52-6bc3-11ee-838c-000c29ee92e9,ecea8f52-6bc3-11ee-838c-000c29ee92e9,7ac1ae1a-7eb7-4b2f-864a-4bb32033b5ba,7ac1ae1a-7eb7-4b2f-864a-4bb32033b5ba,2023-10-16 01:40:57.7458397,2023-10-16 01:41:20.1382156,2023-10-16 01:43:45.7022657,9272,,,FileAttributeArchive,"HasTargetIdList, HasLinkInfo, IsUnicode, DisableKnownFolderTracking, AllowLinkToLink",Fixed storage media (Hard drive),2E1C2282,,C:\Users\Bob Ross\Downloads\rev_pshell.ps1,,My Computer\C:\Users\Bob Ross\Downloads\rev_pshell.ps1,0x10400,0xB,ross01,00:0c:29:ee:92:e9,2023-10-16 01:32:53.2653906,"TrackerDataBaseBlock, PropertyStoreDataBlock",,
C:\Users\Bob Ross\Desktop\KAPE\KAPE\ROSS01\C\Users\Bob Ross\AppData\Roaming\Microsoft\Windows\Recent\AutomaticDestinations\9b9cdc69c1c24e2b.automaticDestinations-ms,2023-10-16 01:43:45.8427529,2023-10-16 02:21:17.3676144,2023-10-16 02:37:24.8398035,9b9cdc69c1c24e2b,Notepad 64-bit,4,4,0,4,2023-10-16 01:32:53.2654283,2023-10-16 02:21:17.3676144,潲獳㄰,00:0c:29:ee:92:e9,C:\Windows\Temp\amc45A0.tmp,1,False,ecea90cb-6bc3-11ee-838c-000c29ee92e9,ecea90cb-6bc3-11ee-838c-000c29ee92e9,7ac1ae1a-7eb7-4b2f-864a-4bb32033b5ba,7ac1ae1a-7eb7-4b2f-864a-4bb32033b5ba,2023-10-14 18:53:10.8028399,2023-10-14 18:55:12.0061500,2023-10-14 18:55:12.0061500,8192,,,FileAttributeArchive,"HasTargetIdList, HasLinkInfo, IsUnicode, DisableKnownFolderTracking, AllowLinkToLink",Fixed storage media (Hard drive),2E1C2282,,C:\Windows\Temp\amc45A0.tmp,,My Computer\C:\Windows\Temp\amc45A0.tmp,0x19169,0x3,ross01,00:0c:29:ee:92:e9,2023-10-16 01:32:53.2654283,"TrackerDataBaseBlock, PropertyStoreDataBlock",,
C:\Users\Bob Ross\Desktop\KAPE\KAPE\ROSS01\C\Users\Bob Ross\AppData\Roaming\Microsoft\Windows\Recent\AutomaticDestinations\9b9cdc69c1c24e2b.automaticDestinations-ms,2023-10-16 01:43:45.8427529,2023-10-16 02:21:17.3676144,2023-10-16 02:37:24.8398035,9b9cdc69c1c24e2b,Notepad 64-bit,4,4,1,3,2023-10-16 01:32:53.2654273,2023-10-16 02:21:14.2269603,潲獳㄰,00:0c:29:ee:92:e9,C:\Windows\Temp\amc51A5.tmp,1,False,ecea90c1-6bc3-11ee-838c-000c29ee92e9,ecea90c1-6bc3-11ee-838c-000c29ee92e9,7ac1ae1a-7eb7-4b2f-864a-4bb32033b5ba,7ac1ae1a-7eb7-4b2f-864a-4bb32033b5ba,2023-10-14 18:53:13.8806941,2023-10-14 18:55:12.0061500,2023-10-14 18:55:12.0061500,32768,,,FileAttributeArchive,"HasTargetIdList, HasLinkInfo, IsUnicode, DisableKnownFolderTracking, AllowLinkToLink",Fixed storage media (Hard drive),2E1C2282,,C:\Windows\Temp\amc51A5.tmp,,My Computer\C:\Windows\Temp\amc51A5.tmp,0x191CC,0x1,ross01,00:0c:29:ee:92:e9,2023-10-16 01:32:53.2654273,"TrackerDataBaseBlock, PropertyStoreDataBlock",,
C:\Users\Bob Ross\Desktop\KAPE\KAPE\ROSS01\C\Users\Bob Ross\AppData\Roaming\Microsoft\Windows\Recent\AutomaticDestinations\9b9cdc69c1c24e2b.automaticDestinations-ms,2023-10-16 01:43:45.8427529,2023-10-16 02:21:17.3676144,2023-10-16 02:37:24.8398035,9b9cdc69c1c24e2b,Notepad 64-bit,4,4,2,2,,2023-10-16 02:20:40.5551876,,,C:\Users\Bob Ross\Downloads\adbd6ea7-2360-4233-8f39-f486b70f35e0.tmp,1,False,,,,,,,,0,,,0,"HasTargetIdList, HasLinkInfo, IsUnicode, DisableKnownFolderTracking, AllowLinkToLink",Fixed storage media (Hard drive),2E1C2282,,C:\Users\Bob Ross\Downloads\adbd6ea7-2360-4233-8f39-f486b70f35e0.tmp,,My Computer\C:\Users\Bob Ross\Downloads\adbd6ea7-2360-4233-8f39-f486b70f35e0.tmp,0x0,,,,,PropertyStoreDataBlock,,
C:\Users\Bob Ross\Desktop\KAPE\KAPE\ROSS01\C\Users\Bob Ross\AppData\Roaming\Microsoft\Windows\Recent\AutomaticDestinations\9b9cdc69c1c24e2b.automaticDestinations-ms,2023-10-16 01:43:45.8427529,2023-10-16 02:21:17.3676144,2023-10-16 02:37:24.8398035,9b9cdc69c1c24e2b,Notepad 64-bit,4,4,3,1,2023-10-16 01:32:53.2653906,2023-10-16 01:43:45.9057112,潲獳㄰,00:0c:29:ee:92:e9,C:\Users\Bob Ross\Downloads\rev_pshell.ps1,1,False,ecea8f52-6bc3-11ee-838c-000c29ee92e9,ecea8f52-6bc3-11ee-838c-000c29ee92e9,7ac1ae1a-7eb7-4b2f-864a-4bb32033b5ba,7ac1ae1a-7eb7-4b2f-864a-4bb32033b5ba,2023-10-16 01:40:57.7458397,2023-10-16 01:41:20.1382156,2023-10-16 01:43:45.7022657,9272,,,FileAttributeArchive,"HasTargetIdList, HasLinkInfo, IsUnicode, DisableKnownFolderTracking, AllowLinkToLink",Fixed storage media (Hard drive),2E1C2282,,C:\Users\Bob Ross\Downloads\rev_pshell.ps1,,My Computer\C:\Users\Bob Ross\Downloads\rev_pshell.ps1,0x10400,0xB,ross01,00:0c:29:ee:92:e9,2023-10-16 01:32:53.2653906,"TrackerDataBaseBlock, PropertyStoreDataBlock",,
C:\Users\Bob Ross\Desktop\KAPE\KAPE\ROSS01\C\Users\Bob Ross\AppData\Roaming\Microsoft\Windows\Recent\AutomaticDestinations\dd7c3b1adb1c168b.automaticDestinations-ms,2023-10-15 03:39:57.1111313,2023-10-15 03:39:57.1111313,2023-10-16 02:37:24.8553806,dd7c3b1adb1c168b,Microsoft Game Bar,4,1,0,1,,2023-10-15 03:39:57.1111313,,,ms-gamingoverlay://kglcheck/,1,False,,,,,,,,0,,,0,"HasTargetIdList, IsUnicode, DisableKnownFolderTracking, AllowLinkToLink",(None),,,,,Internet Explorer (Homepage)\ms-gamingoverlay://kglcheck/,,,,,,PropertyStoreDataBlock,,
C:\Users\Bob Ross\Desktop\KAPE\KAPE\ROSS01\C\Users\Bob Ross\AppData\Roaming\Microsoft\Windows\Recent\AutomaticDestinations\f01b4d95cf55d32a.automaticDestinations-ms,2023-10-14 16:13:57.1467353,2023-10-16 02:32:52.8081620,2023-10-16 02:37:24.8553806,f01b4d95cf55d32a,Windows Explorer Windows 8.1,4,14,0,E,2023-10-16 01:32:53.2654394,2023-10-16 02:32:52.8081620,潲獳㄰,00:0c:29:ee:92:e9,C:\Users\Bob Ross\Desktop\KAPE\KAPE,1,False,ecea913a-6bc3-11ee-838c-000c29ee92e9,ecea913a-6bc3-11ee-838c-000c29ee92e9,7ac1ae1a-7eb7-4b2f-864a-4bb32033b5ba,7ac1ae1a-7eb7-4b2f-864a-4bb32033b5ba,2023-10-16 02:32:09.6019660,2023-10-16 02:32:42.3394410,2023-10-16 02:32:42.3394410,0,,,FileAttributeDirectory,"HasTargetIdList, HasLinkInfo, IsUnicode, DisableKnownFolderTracking, AllowLinkToLink",Fixed storage media (Hard drive),2E1C2282,,C:\Users\Bob Ross\Desktop\KAPE\KAPE,,My Computer\C:\Users\Bob Ross\Desktop\KAPE\KAPE,0x155AC,0x3,ross01,00:0c:29:ee:92:e9,2023-10-16 01:32:53.2654394,"TrackerDataBaseBlock, PropertyStoreDataBlock",,
C:\Users\Bob Ross\Desktop\KAPE\KAPE\ROSS01\C\Users\Bob Ross\AppData\Roaming\Microsoft\Windows\Recent\AutomaticDestinations\f01b4d95cf55d32a.automaticDestinations-ms,2023-10-14 16:13:57.1467353,2023-10-16 02:32:52.8081620,2023-10-16 02:37:24.8553806,f01b4d95cf55d32a,Windows Explorer Windows 8.1,4,14,1,D,2023-10-16 01:32:53.2654393,2023-10-16 02:32:52.7925858,潲獳㄰,00:0c:29:ee:92:e9,C:\Users\Bob Ross\Desktop\KAPE,1,False,ecea9139-6bc3-11ee-838c-000c29ee92e9,ecea9139-6bc3-11ee-838c-000c29ee92e9,7ac1ae1a-7eb7-4b2f-864a-4bb32033b5ba,7ac1ae1a-7eb7-4b2f-864a-4bb32033b5ba,2023-10-16 02:32:09.3677509,2023-10-16 02:32:09.6019660,2023-10-16 02:32:33.7457408,0,,,FileAttributeDirectory,"HasTargetIdList, HasLinkInfo, IsUnicode, DisableKnownFolderTracking, AllowLinkToLink",Fixed storage media (Hard drive),2E1C2282,,C:\Users\Bob Ross\Desktop\KAPE,,My Computer\C:\Users\Bob Ross\Desktop\KAPE,0x155A3,0x2,ross01,00:0c:29:ee:92:e9,2023-10-16 01:32:53.2654393,"TrackerDataBaseBlock, PropertyStoreDataBlock",,
C:\Users\Bob Ross\Desktop\KAPE\KAPE\ROSS01\C\Users\Bob Ross\AppData\Roaming\Microsoft\Windows\Recent\AutomaticDestinations\f01b4d95cf55d32a.automaticDestinations-ms,2023-10-14 16:13:57.1467353,2023-10-16 02:32:52.8081620,2023-10-16 02:37:24.8553806,f01b4d95cf55d32a,Windows Explorer Windows 8.1,4,14,2,1,2023-10-14 16:01:50.8822655,2023-10-16 02:32:03.4301810,敤歳潴⵰て煦㔵7,00:0c:29:ee:92:df,knownfolder:{754AC886-DF64-4CBA-86B5-F7FBF4FBCEF5} ==> ThisPCDesktopFolder,4,True,fc880a7f-6aaa-11ee-8388-000c29ee92df,fc880a7f-6aaa-11ee-8388-000c29ee92df,7ac1ae1a-7eb7-4b2f-864a-4bb32033b5ba,7ac1ae1a-7eb7-4b2f-864a-4bb32033b5ba,2023-10-14 16:12:29.7716014,2023-10-16 02:32:03.3053341,2023-10-16 02:32:03.3053341,0,,,"FileAttributeReadonly, FileAttributeDirectory","HasTargetIdList, HasLinkInfo, IsUnicode, DisableKnownFolderTracking, AllowLinkToLink",Fixed storage media (Hard drive),2E1C2282,,C:\Users\Bob Ross\Desktop,,My Computer\Desktop,,,ross01,00:0c:29:ee:92:df,2023-10-14 16:01:50.8822655,"TrackerDataBaseBlock, PropertyStoreDataBlock",,
C:\Users\Bob Ross\Desktop\KAPE\KAPE\ROSS01\C\Users\Bob Ross\AppData\Roaming\Microsoft\Windows\Recent\AutomaticDestinations\f01b4d95cf55d32a.automaticDestinations-ms,2023-10-14 16:13:57.1467353,2023-10-16 02:32:52.8081620,2023-10-16 02:37:24.8553806,f01b4d95cf55d32a,Windows Explorer Windows 8.1,4,14,3,C,2023-10-16 01:32:53.2654276,2023-10-16 02:21:14.2427828,潲獳㄰,00:0c:29:ee:92:e9,C:\Windows\Temp,1,False,ecea90c4-6bc3-11ee-838c-000c29ee92e9,ecea90c4-6bc3-11ee-838c-000c29ee92e9,7ac1ae1a-7eb7-4b2f-864a-4bb32033b5ba,7ac1ae1a-7eb7-4b2f-864a-4bb32033b5ba,2019-12-07 09:14:52.7991539,2023-10-16 02:20:31.6177363,2023-10-16 02:21:17.6176513,28672,,,FileAttributeDirectory,"HasTargetIdList, HasLinkInfo, IsUnicode, DisableKnownFolderTracking, AllowLinkToLink",Fixed storage media (Hard drive),2E1C2282,,C:\Windows\Temp,,My Computer\C:\Windows\Temp,0x14AC,0x1,ross01,00:0c:29:ee:92:e9,2023-10-16 01:32:53.2654276,"TrackerDataBaseBlock, PropertyStoreDataBlock",,
C:\Users\Bob Ross\Desktop\KAPE\KAPE\ROSS01\C\Users\Bob Ross\AppData\Roaming\Microsoft\Windows\Recent\AutomaticDestinations\f01b4d95cf55d32a.automaticDestinations-ms,2023-10-14 16:13:57.1467353,2023-10-16 02:32:52.8081620,2023-10-16 02:37:24.8553806,f01b4d95cf55d32a,Windows Explorer Windows 8.1,4,14,4,2,2023-10-14 16:01:50.8822656,2023-10-16 02:20:37.2585350,敤歳潴⵰て煦㔵7,00:0c:29:ee:92:df,knownfolder:{374DE290-123F-4565-9164-39C4925E467B} ==> Downloads,6,True,fc880a80-6aaa-11ee-8388-000c29ee92df,fc880a80-6aaa-11ee-8388-000c29ee92df,7ac1ae1a-7eb7-4b2f-864a-4bb32033b5ba,7ac1ae1a-7eb7-4b2f-864a-4bb32033b5ba,2023-10-14 16:12:29.7716014,2023-10-16 01:52:57.7573328,2023-10-16 02:20:40.6179245,4096,,,"FileAttributeReadonly, FileAttributeDirectory","HasTargetIdList, HasLinkInfo, IsUnicode, DisableKnownFolderTracking, AllowLinkToLink",Fixed storage media (Hard drive),2E1C2282,,C:\Users\Bob Ross\Downloads,,My Computer\Downloads,,,ross01,00:0c:29:ee:92:df,2023-10-14 16:01:50.8822656,"TrackerDataBaseBlock, PropertyStoreDataBlock",,
C:\Users\Bob Ross\Desktop\KAPE\KAPE\ROSS01\C\Users\Bob Ross\AppData\Roaming\Microsoft\Windows\Recent\AutomaticDestinations\f01b4d95cf55d32a.automaticDestinations-ms,2023-10-14 16:13:57.1467353,2023-10-16 02:32:52.8081620,2023-10-16 02:37:24.8553806,f01b4d95cf55d32a,Windows Explorer Windows 8.1,4,14,5,B,2023-10-15 10:51:11.9902438,2023-10-16 01:02:50.9180561,潲獳㄰,00:0c:29:ee:92:e9,C:\Windows\system32,1,False,c14c92e6-6b48-11ee-838b-000c29ee92e9,c14c92e6-6b48-11ee-838b-000c29ee92e9,7ac1ae1a-7eb7-4b2f-864a-4bb32033b5ba,7ac1ae1a-7eb7-4b2f-864a-4bb32033b5ba,2019-12-07 09:03:44.5394998,2023-10-15 13:14:20.3874749,2023-10-16 01:02:50.9024463,1048576,,,FileAttributeDirectory,"HasTargetIdList, HasLinkInfo, IsUnicode, DisableKnownFolderTracking, AllowLinkToLink",Fixed storage media (Hard drive),2E1C2282,,C:\Windows\System32,,My Computer\C:\Windows\System32,0xCE2,0x1,ross01,00:0c:29:ee:92:e9,2023-10-15 10:51:11.9902438,"TrackerDataBaseBlock, PropertyStoreDataBlock",,
C:\Users\Bob Ross\Desktop\KAPE\KAPE\ROSS01\C\Users\Bob Ross\AppData\Roaming\Microsoft\Windows\Recent\AutomaticDestinations\f01b4d95cf55d32a.automaticDestinations-ms,2023-10-14 16:13:57.1467353,2023-10-16 02:32:52.8081620,2023-10-16 02:37:24.8553806,f01b4d95cf55d32a,Windows Explorer Windows 8.1,4,14,6,3,2023-10-14 16:01:50.8822652,2023-10-15 11:00:51.6570599,敤歳潴⵰て煦㔵7,00:0c:29:ee:92:df,knownfolder:{FDD39AD0-238F-46AF-ADB4-6C85480369C7} ==> Documents,4,True,fc880a7c-6aaa-11ee-8388-000c29ee92df,fc880a7c-6aaa-11ee-8388-000c29ee92df,7ac1ae1a-7eb7-4b2f-864a-4bb32033b5ba,7ac1ae1a-7eb7-4b2f-864a-4bb32033b5ba,2023-10-14 16:12:29.7716014,2023-10-15 11:00:51.5324021,2023-10-15 11:00:51.6570599,4096,,,"FileAttributeReadonly, FileAttributeDirectory","HasTargetIdList, HasLinkInfo, IsUnicode, DisableKnownFolderTracking, AllowLinkToLink",Fixed storage media (Hard drive),2E1C2282,,C:\Users\Bob Ross\Documents,,My Computer\Documents,,,ross01,00:0c:29:ee:92:df,2023-10-14 16:01:50.8822652,"TrackerDataBaseBlock, PropertyStoreDataBlock",,
C:\Users\Bob Ross\Desktop\KAPE\KAPE\ROSS01\C\Users\Bob Ross\AppData\Roaming\Microsoft\Windows\Recent\AutomaticDestinations\f01b4d95cf55d32a.automaticDestinations-ms,2023-10-14 16:13:57.1467353,2023-10-16 02:32:52.8081620,2023-10-16 02:37:24.8553806,f01b4d95cf55d32a,Windows Explorer Windows 8.1,4,14,7,A,2023-10-15 10:51:11.9901640,2023-10-15 11:00:51.5640084,潲獳㄰,00:0c:29:ee:92:e9,C:\Users\Bob Ross\Documents\PSLogging,1,False,c14c8fc8-6b48-11ee-838b-000c29ee92e9,c14c8fc8-6b48-11ee-838b-000c29ee92e9,7ac1ae1a-7eb7-4b2f-864a-4bb32033b5ba,7ac1ae1a-7eb7-4b2f-864a-4bb32033b5ba,2023-10-15 11:00:48.7354265,2023-10-15 11:00:48.7354265,2023-10-15 11:00:52.5480976,0,,,FileAttributeDirectory,"HasTargetIdList, HasLinkInfo, IsUnicode, DisableKnownFolderTracking, AllowLinkToLink",Fixed storage media (Hard drive),2E1C2282,,C:\Users\Bob Ross\Documents\PSLogging,,My Computer\Documents\PSLogging,0x0,,ross01,00:0c:29:ee:92:e9,2023-10-15 10:51:11.9901640,"TrackerDataBaseBlock, PropertyStoreDataBlock",,
C:\Users\Bob Ross\Desktop\KAPE\KAPE\ROSS01\C\Users\Bob Ross\AppData\Roaming\Microsoft\Windows\Recent\AutomaticDestinations\f01b4d95cf55d32a.automaticDestinations-ms,2023-10-14 16:13:57.1467353,2023-10-16 02:32:52.8081620,2023-10-16 02:37:24.8553806,f01b4d95cf55d32a,Windows Explorer Windows 8.1,4,14,8,6,2023-10-14 16:01:50.8822651,2023-10-14 16:14:55.3186975,敤歳潴⵰て煦㔵7,00:0c:29:ee:92:df,knownfolder:{18989B1D-99B5-455B-841C-AB7C74E4DDFC} ==> Videos,3,False,fc880a7b-6aaa-11ee-8388-000c29ee92df,fc880a7b-6aaa-11ee-8388-000c29ee92df,7ac1ae1a-7eb7-4b2f-864a-4bb32033b5ba,7ac1ae1a-7eb7-4b2f-864a-4bb32033b5ba,2023-10-14 16:12:29.7716014,2023-10-14 16:13:25.9904901,2023-10-14 16:14:13.1938939,0,,,"FileAttributeReadonly, FileAttributeDirectory","HasTargetIdList, HasLinkInfo, IsUnicode, DisableKnownFolderTracking, AllowLinkToLink",Fixed storage media (Hard drive),2E1C2282,,C:\Users\Bob Ross\Videos,,My Computer\Videos,,,desktop-f0fq557,00:0c:29:ee:92:df,2023-10-14 16:01:50.8822651,"TrackerDataBaseBlock, PropertyStoreDataBlock",,
C:\Users\Bob Ross\Desktop\KAPE\KAPE\ROSS01\C\Users\Bob Ross\AppData\Roaming\Microsoft\Windows\Recent\AutomaticDestinations\f01b4d95cf55d32a.automaticDestinations-ms,2023-10-14 16:13:57.1467353,2023-10-16 02:32:52.8081620,2023-10-16 02:37:24.8553806,f01b4d95cf55d32a,Windows Explorer Windows 8.1,4,14,9,5,2023-10-14 16:01:50.8822654,2023-10-14 16:14:55.3186975,敤歳潴⵰て煦㔵7,00:0c:29:ee:92:df,knownfolder:{4BD8D571-6D19-48D3-BE97-422220080E43} ==> Music,3,False,fc880a7e-6aaa-11ee-8388-000c29ee92df,fc880a7e-6aaa-11ee-8388-000c29ee92df,7ac1ae1a-7eb7-4b2f-864a-4bb32033b5ba,7ac1ae1a-7eb7-4b2f-864a-4bb32033b5ba,2023-10-14 16:12:29.7716014,2023-10-14 16:13:26.0845012,2023-10-14 16:14:13.1467463,0,,,"FileAttributeReadonly, FileAttributeDirectory","HasTargetIdList, HasLinkInfo, IsUnicode, DisableKnownFolderTracking, AllowLinkToLink",Fixed storage media (Hard drive),2E1C2282,,C:\Users\Bob Ross\Music,,My Computer\Music,,,desktop-f0fq557,00:0c:29:ee:92:df,2023-10-14 16:01:50.8822654,"TrackerDataBaseBlock, PropertyStoreDataBlock",,
C:\Users\Bob Ross\Desktop\KAPE\KAPE\ROSS01\C\Users\Bob Ross\AppData\Roaming\Microsoft\Windows\Recent\AutomaticDestinations\f01b4d95cf55d32a.automaticDestinations-ms,2023-10-14 16:13:57.1467353,2023-10-16 02:32:52.8081620,2023-10-16 02:37:24.8553806,f01b4d95cf55d32a,Windows Explorer Windows 8.1,4,14,10,4,2023-10-14 16:01:50.8822653,2023-10-14 16:14:55.3186975,敤歳潴⵰て煦㔵7,00:0c:29:ee:92:df,knownfolder:{33E28130-4E1E-4676-835A-98395C3BC3BB} ==> Pictures,3,True,fc880a7d-6aaa-11ee-8388-000c29ee92df,fc880a7d-6aaa-11ee-8388-000c29ee92df,7ac1ae1a-7eb7-4b2f-864a-4bb32033b5ba,7ac1ae1a-7eb7-4b2f-864a-4bb32033b5ba,2023-10-14 16:12:29.7716014,2023-10-14 16:13:25.9594018,2023-10-14 16:14:13.1782753,0,,,"FileAttributeReadonly, FileAttributeDirectory","HasTargetIdList, HasLinkInfo, IsUnicode, DisableKnownFolderTracking, AllowLinkToLink",Fixed storage media (Hard drive),2E1C2282,,C:\Users\Bob Ross\Pictures,,My Computer\Pictures,,,desktop-f0fq557,00:0c:29:ee:92:df,2023-10-14 16:01:50.8822653,"TrackerDataBaseBlock, PropertyStoreDataBlock",,
C:\Users\Bob Ross\Desktop\KAPE\KAPE\ROSS01\C\Users\Bob Ross\AppData\Roaming\Microsoft\Windows\Recent\AutomaticDestinations\f18460fded109990.automaticDestinations-ms,2023-10-16 01:02:50.8559758,2023-10-16 01:02:50.9024463,2023-10-16 02:37:24.8707889,f18460fded109990,Windows Connected Devices,4,1,0,1,2023-10-15 10:51:11.9902437,2023-10-16 01:02:50.9024463,潲獳㄰,00:0c:29:ee:92:e9,C:\Windows\system32\ncpa.cpl,1,False,c14c92e5-6b48-11ee-838b-000c29ee92e9,c14c92e5-6b48-11ee-838b-000c29ee92e9,7ac1ae1a-7eb7-4b2f-864a-4bb32033b5ba,7ac1ae1a-7eb7-4b2f-864a-4bb32033b5ba,2022-09-08 03:07:26.2336975,2022-09-08 03:07:26.2336975,2023-10-16 01:02:50.7932151,102912,,,FileAttributeArchive,"HasTargetIdList, HasLinkInfo, IsUnicode, DisableKnownFolderTracking, AllowLinkToLink",Fixed storage media (Hard drive),2E1C2282,,C:\Windows\system32\ncpa.cpl,,My Computer\C:\Windows\system32\ncpa.cpl,0x6EA5,0x1,ross01,00:0c:29:ee:92:e9,2023-10-15 10:51:11.9902437,"TrackerDataBaseBlock, PropertyStoreDataBlock",,
