ProgramId,KeyLastWriteTimestamp,Name,Version,Publisher,InstallDateArpLastModified,InstallDate,InstallDateMsi,OSVersionAtInstallTime,InstallDateFromLinkFile,BundleManifestPath,HiddenArp,InboxModernApp,Language,ManifestPath,MsiPackageCode,MsiProductCode,PackageFullName,ProgramInstanceId,RegistryKeyPath,RootDirPath,Type,Source,StoreAppType,UninstallString,Manufacturer
00000430aea6471d01f9c00019a6f91c129400000904,2023-10-15 10:56:47.1572618,Microsoft.Windows.Apprep.ChxApp,1000.19041.1023.0,"CN=Microsoft Windows, O=Microsoft Corporation, L=Redmond, S=Washington, C=US",,,,10.0.0.19045,,,False,True,1033,C:\Windows\SystemApps\Microsoft.Windows.AppRep.ChxApp_cw5n1h2txyewy\AppXManifest.xml,,,Microsoft.Windows.Apprep.ChxApp_1000.19041.1023.0_neutral_neutral_cw5n1h2txyewy,0000da39a3ee5e6b4b0d3255bfef95601890afd80709,,C:\Windows\SystemApps\Microsoft.Windows.AppRep.ChxApp_cw5n1h2txyewy,Application,AppxPackage,Win10StoreApp,,
00000750bcbee2d70da1430d6b9b63172f2100000904,2023-10-15 10:57:49.7041629,Microsoft.VP9VideoExtensions,1.0.22681.0,"CN=Microsoft Corporation, O=Microsoft Corporation, L=Redmond, S=Washington, C=US",,,,10.0.0.19045,,,False,False,1033,C:\Program Files\WindowsApps\Microsoft.VP9VideoExtensions_1.0.22681.0_x64__8wekyb3d8bbwe\AppXManifest.xml,,,Microsoft.VP9VideoExtensions_1.0.22681.0_x64__8wekyb3d8bbwe,0000da39a3ee5e6b4b0d3255bfef95601890afd80709,,C:\Program Files\WindowsApps\Microsoft.VP9VideoExtensions_1.0.22681.0_x64__8wekyb3d8bbwe,Application,AppxPackage,Win10StoreApp,,
0000079581430c2913cc97c29f1cb94ac22f0000ffff,2023-10-15 10:58:13.7978174,Microsoft Visual C++ 2015-2022 Redistributable (x64) - 14.32.31326,14.32.31326.0,Microsoft Corporation,,2023-10-14 18:02:36.0000000,,10.0.0.19045,,,False,False,65535,,,,,00000bda7e0c67bc2cc4cb65dd17868552965fb649ea,HKEY_LOCAL_MACHINE\Software\Wow6432Node\Microsoft\Windows\CurrentVersion\Uninstall\{2d507699-404c-4c8b-a54a-38e352f32cdd},c:\programdata\package cache\{2d507699-404c-4c8b-a54a-38e352f32cdd},Application,AddRemoveProgram,,"""C:\ProgramData\Package Cache\{2d507699-404c-4c8b-a54a-38e352f32cdd}\VC_redist.x64.exe""  /uninstall",
000008695df9901218f18680952ebd0fa46c00000904,2023-10-15 10:58:02.3290912,Microsoft.WindowsStore,11910.1002.5.0,"CN=Microsoft Corporation, O=Microsoft Corporation, L=Redmond, S=Washington, C=US",,,,10.0.0.19045,,C:\Program Files\WindowsApps\Microsoft.WindowsStore_11910.1002.513.0_neutral_~_8wekyb3d8bbwe\AppxMetadata\AppXBundleManifest.xml,False,False,1033,C:\Program Files\WindowsApps\Microsoft.WindowsStore_11910.1002.5.0_x64__8wekyb3d8bbwe\AppXManifest.xml,,,Microsoft.WindowsStore_11910.1002.5.0_x64__8wekyb3d8bbwe,0000da39a3ee5e6b4b0d3255bfef95601890afd80709,,C:\Program Files\WindowsApps\Microsoft.WindowsStore_11910.1002.5.0_x64__8wekyb3d8bbwe,Application,AppxPackage,Win10StoreApp,,
000008ca8805956e33df832ff41173addad200000904,2023-10-15 10:56:50.0322011,Microsoft.Windows.CapturePicker,10.0.19041.1023,"CN=Microsoft Windows, O=Microsoft Corporation, L=Redmond, S=Washington, C=US",,,,10.0.0.19045,,,False,True,1033,C:\Windows\SystemApps\Microsoft.Windows.CapturePicker_cw5n1h2txyewy\AppXManifest.xml,,,Microsoft.Windows.CapturePicker_10.0.19041.1023_neutral__cw5n1h2txyewy,0000da39a3ee5e6b4b0d3255bfef95601890afd80709,,C:\Windows\SystemApps\Microsoft.Windows.CapturePicker_cw5n1h2txyewy,Application,AppxPackage,Win10StoreApp,,
00000b75f2f8e4d03adc3c36d38b63c8cd5200000904,2023-10-15 10:57:58.4227118,microsoft.windowscommunicationsapps,16005.11629.20316.0,"CN=Microsoft Corporation, O=Microsoft Corporation, L=Redmond, S=Washington, C=US",,,,10.0.0.19045,,C:\Program Files\WindowsApps\microsoft.windowscommunicationsapps_16005.11629.20316.0_neutral_~_8wekyb3d8bbwe\AppxMetadata\AppXBundleManifest.xml,False,False,1033,C:\Program Files\WindowsApps\microsoft.windowscommunicationsapps_16005.11629.20316.0_x64__8wekyb3d8bbwe\AppXManifest.xml,,,microsoft.windowscommunicationsapps_16005.11629.20316.0_x64__8wekyb3d8bbwe,0000da39a3ee5e6b4b0d3255bfef95601890afd80709,,C:\Program Files\WindowsApps\microsoft.windowscommunicationsapps_16005.11629.20316.0_x64__8wekyb3d8bbwe,Application,AppxPackage,Win10StoreApp,,
00001174c6707efd8aaf126ce9530520d7e900000904,2023-10-15 10:58:12.2822316,Microsoft.Getstarted,10.2306.0.0,"CN=Microsoft Corporation, O=Microsoft Corporation, L=Redmond, S=Washington, C=US",,,,10.0.0.19045,,C:\Program Files\WindowsApps\Microsoft.Getstarted_2021.2306.0.0_neutral_~_8wekyb3d8bbwe\AppxMetadata\AppXBundleManifest.xml,False,False,1033,C:\Program Files\WindowsApps\Microsoft.Getstarted_10.2306.0.0_x64__8wekyb3d8bbwe\AppXManifest.xml,,,Microsoft.Getstarted_10.2306.0.0_x64__8wekyb3d8bbwe,0000da39a3ee5e6b4b0d3255bfef95601890afd80709,,C:\Program Files\WindowsApps\Microsoft.Getstarted_10.2306.0.0_x64__8wekyb3d8bbwe,Application,AppxPackage,Win10StoreApp,,
00001f24f55d7a06789933448e0ef7611ccf0000ffff,2023-10-15 10:58:13.7509029,Microsoft Edge,118.0.2088.46,Microsoft Corporation,,2023-10-14 00:00:00.0000000,,10.0.0.19045,,,False,False,65535,,,,,0000b34dba5c59e767012f12ddcc37d862ee54d59eb9,HKEY_LOCAL_MACHINE\Software\Wow6432Node\Microsoft\Windows\CurrentVersion\Uninstall\Microsoft Edge,C:\Program Files (x86)\Microsoft\Edge\Application,Application,AddRemoveProgram,,"""C:\Program Files (x86)\Microsoft\Edge\Application\118.0.2088.46\Installer\setup.exe"" --uninstall --msedge --channel=stable --system-level --verbose-logging",
00002151305bf5d0c513539e132a16ef781300000904,2023-10-15 10:57:26.9701517,Microsoft.DesktopAppInstaller,1.0.30251.0,"CN=Microsoft Corporation, O=Microsoft Corporation, L=Redmond, S=Washington, C=US",,,,10.0.0.19045,,C:\Program Files\WindowsApps\Microsoft.DesktopAppInstaller_2019.125.2243.0_neutral_~_8wekyb3d8bbwe\AppxMetadata\AppXBundleManifest.xml,False,False,1033,C:\Program Files\WindowsApps\Microsoft.DesktopAppInstaller_1.0.30251.0_x64__8wekyb3d8bbwe\AppXManifest.xml,,,Microsoft.DesktopAppInstaller_1.0.30251.0_x64__8wekyb3d8bbwe,0000da39a3ee5e6b4b0d3255bfef95601890afd80709,,C:\Program Files\WindowsApps\Microsoft.DesktopAppInstaller_1.0.30251.0_x64__8wekyb3d8bbwe,Application,AppxPackage,CentennialStoreApp,,
00002188d2a1b388b529a94e61cba2f5da7f00000904,2023-10-15 10:58:03.0948336,Microsoft.Xbox.TCUI,1.23.28002.0,"CN=Microsoft Corporation, O=Microsoft Corporation, L=Redmond, S=Washington, C=US",,,,10.0.0.19045,,C:\Program Files\WindowsApps\Microsoft.Xbox.TCUI_1.23.28002.0_neutral_~_8wekyb3d8bbwe\AppxMetadata\AppXBundleManifest.xml,False,False,1033,C:\Program Files\WindowsApps\Microsoft.Xbox.TCUI_1.23.28002.0_x64__8wekyb3d8bbwe\AppXManifest.xml,,,Microsoft.Xbox.TCUI_1.23.28002.0_x64__8wekyb3d8bbwe,0000da39a3ee5e6b4b0d3255bfef95601890afd80709,,C:\Program Files\WindowsApps\Microsoft.Xbox.TCUI_1.23.28002.0_x64__8wekyb3d8bbwe,Application,AppxPackage,Win10StoreApp,,
00002b9716b09ef02b41b1157efe2c52893f00000904,2023-10-15 10:58:09.6106876,Microsoft.ZuneVideo,10.19071.19011.0,"CN=Microsoft Corporation, O=Microsoft Corporation, L=Redmond, S=Washington, C=US",,,,10.0.0.19045,,C:\Program Files\WindowsApps\Microsoft.ZuneVideo_2019.19071.19011.0_neutral_~_8wekyb3d8bbwe\AppxMetadata\AppXBundleManifest.xml,False,False,1033,C:\Program Files\WindowsApps\Microsoft.ZuneVideo_10.19071.19011.0_x64__8wekyb3d8bbwe\AppXManifest.xml,,,Microsoft.ZuneVideo_10.19071.19011.0_x64__8wekyb3d8bbwe,0000da39a3ee5e6b4b0d3255bfef95601890afd80709,,C:\Program Files\WindowsApps\Microsoft.ZuneVideo_10.19071.19011.0_x64__8wekyb3d8bbwe,Application,AppxPackage,Win10StoreApp,,
0000314a26913b7851489c816a054d7ca0f600000904,2023-10-15 10:57:55.2360500,Microsoft.WindowsAlarms,10.1906.2182.0,"CN=Microsoft Corporation, O=Microsoft Corporation, L=Redmond, S=Washington, C=US",,,,10.0.0.19045,,C:\Program Files\WindowsApps\Microsoft.WindowsAlarms_2019.807.41.0_neutral_~_8wekyb3d8bbwe\AppxMetadata\AppXBundleManifest.xml,False,False,1033,C:\Program Files\WindowsApps\Microsoft.WindowsAlarms_10.1906.2182.0_x64__8wekyb3d8bbwe\AppXManifest.xml,,,Microsoft.WindowsAlarms_10.1906.2182.0_x64__8wekyb3d8bbwe,0000da39a3ee5e6b4b0d3255bfef95601890afd80709,,C:\Program Files\WindowsApps\Microsoft.WindowsAlarms_10.1906.2182.0_x64__8wekyb3d8bbwe,Application,AppxPackage,Win10StoreApp,,
000040033c1aff352700a003c61b1a3035e200000904,2023-10-15 10:57:02.3608837,Microsoft.Windows.Search,1.14.7.19041,"CN=Microsoft Windows, O=Microsoft Corporation, L=Redmond, S=Washington, C=US",,,,10.0.0.19045,,,False,True,1033,C:\Windows\SystemApps\Microsoft.Windows.Search_cw5n1h2txyewy\AppXManifest.xml,,,Microsoft.Windows.Search_1.14.7.19041_neutral_neutral_cw5n1h2txyewy,0000da39a3ee5e6b4b0d3255bfef95601890afd80709,,C:\Windows\SystemApps\Microsoft.Windows.Search_cw5n1h2txyewy,Application,AppxPackage,Win10StoreApp,,
000042ba2cc154df18aeafc580c087522a6300000904,2023-10-15 10:57:35.7038458,Microsoft.MicrosoftOfficeHub,18.1903.1152.0,"CN=Microsoft Corporation, O=Microsoft Corporation, L=Redmond, S=Washington, C=US",,,,10.0.0.19045,,C:\Program Files\WindowsApps\Microsoft.MicrosoftOfficeHub_18.1903.1152.0_neutral_~_8wekyb3d8bbwe\AppxMetadata\AppXBundleManifest.xml,False,False,1033,C:\Program Files\WindowsApps\Microsoft.MicrosoftOfficeHub_18.1903.1152.0_x64__8wekyb3d8bbwe\AppXManifest.xml,,,Microsoft.MicrosoftOfficeHub_18.1903.1152.0_x64__8wekyb3d8bbwe,0000da39a3ee5e6b4b0d3255bfef95601890afd80709,,C:\Program Files\WindowsApps\Microsoft.MicrosoftOfficeHub_18.1903.1152.0_x64__8wekyb3d8bbwe,Application,AppxPackage,CentennialStoreApp,,
0000462175829453213ffb11321ed1bbc56900000904,2023-10-15 10:58:00.3917605,Microsoft.WindowsMaps,5.1906.1972.0,"CN=Microsoft Corporation, O=Microsoft Corporation, L=Redmond, S=Washington, C=US",,,,10.0.0.19045,,C:\Program Files\WindowsApps\Microsoft.WindowsMaps_2019.716.2316.0_neutral_~_8wekyb3d8bbwe\AppxMetadata\AppXBundleManifest.xml,False,False,1033,C:\Program Files\WindowsApps\Microsoft.WindowsMaps_5.1906.1972.0_x64__8wekyb3d8bbwe\AppXManifest.xml,,,Microsoft.WindowsMaps_5.1906.1972.0_x64__8wekyb3d8bbwe,0000da39a3ee5e6b4b0d3255bfef95601890afd80709,,C:\Program Files\WindowsApps\Microsoft.WindowsMaps_5.1906.1972.0_x64__8wekyb3d8bbwe,Application,AppxPackage,Win10StoreApp,,
000046b3be3e1486a8eab534ae65e81ea99400000904,2023-10-15 10:56:43.6259793,Microsoft.AsyncTextService,10.0.19041.1023,"CN=Microsoft Corporation, O=Microsoft Corporation, L=Redmond, S=Washington, C=US",,,,10.0.0.19045,,,False,True,1033,C:\Windows\SystemApps\Microsoft.AsyncTextService_8wekyb3d8bbwe\AppXManifest.xml,,,Microsoft.AsyncTextService_10.0.19041.1023_neutral__8wekyb3d8bbwe,0000da39a3ee5e6b4b0d3255bfef95601890afd80709,,C:\Windows\SystemApps\Microsoft.AsyncTextService_8wekyb3d8bbwe,Application,AppxPackage,Win10StoreApp,,
000046d7dabaf49693edec2060ccfba9904e00000904,2023-10-15 10:58:13.8134508,Microsoft Visual C++ 2022 X86 Minimum Runtime - 14.32.31326,14.32.31326,Microsoft Corporation,,2023-10-14 00:00:00.0000000,,10.0.0.19045,,,True,False,1033,,{EFBFDAFA-D89B-4C11-9508-2DFF00454246},{46E11E7F-01E1-44D0-BB86-C67342D253DD},,0000da39a3ee5e6b4b0d3255bfef95601890afd80709,HKEY_LOCAL_MACHINE\Software\Wow6432Node\Microsoft\Windows\CurrentVersion\Uninstall\{46E11E7F-01E1-44D0-BB86-C67342D253DD},C:\ProgramData\Package Cache\{46E11E7F-01E1-44D0-BB86-C67342D253DD}v14.32.31326\packages\vcRuntimeMinimum_x86\,Application,Msi,,MsiExec.exe /I{46E11E7F-01E1-44D0-BB86-C67342D253DD},
000049525cb51613b04bf05d0baa7c89193300000904,2023-10-15 10:56:57.3138149,Microsoft.Windows.OOBENetworkCaptivePortal,10.0.19041.1023,"CN=Microsoft Windows, O=Microsoft Corporation, L=Redmond, S=Washington, C=US",,,,10.0.0.19045,,,False,True,1033,C:\Windows\SystemApps\Microsoft.Windows.OOBENetworkCaptivePortal_cw5n1h2txyewy\AppXManifest.xml,,,Microsoft.Windows.OOBENetworkCaptivePortal_10.0.19041.1023_neutral__cw5n1h2txyewy,0000da39a3ee5e6b4b0d3255bfef95601890afd80709,,C:\Windows\SystemApps\Microsoft.Windows.OOBENetworkCaptivePortal_cw5n1h2txyewy,Application,AppxPackage,Win10StoreApp,,
00004d5e7f1e283a648796dca2680dc36faf00000904,2023-10-15 10:56:43.9540554,Microsoft.BioEnrollment,10.0.19041.1023,"CN=Microsoft Windows, O=Microsoft Corporation, L=Redmond, S=Washington, C=US",,,,10.0.0.19045,,,False,True,1033,C:\Windows\SystemApps\Microsoft.BioEnrollment_cw5n1h2txyewy\AppXManifest.xml,,,Microsoft.BioEnrollment_10.0.19041.1023_neutral__cw5n1h2txyewy,0000da39a3ee5e6b4b0d3255bfef95601890afd80709,,C:\Windows\SystemApps\Microsoft.BioEnrollment_cw5n1h2txyewy,Application,AppxPackage,Win10StoreApp,,
00004f3eebdbb7a51c4872b9f0657ca65ae900000904,2023-10-15 10:58:13.8758407,Microsoft Visual C++ 2022 X86 Additional Runtime - 14.32.31326,14.32.31326,Microsoft Corporation,,2023-10-14 00:00:00.0000000,,10.0.0.19045,,,True,False,1033,,{3127C6A7-931A-4E2F-A162-225998F79120},{A250E750-DB3F-40C1-8460-8EF77C7582DA},,0000da39a3ee5e6b4b0d3255bfef95601890afd80709,HKEY_LOCAL_MACHINE\Software\Wow6432Node\Microsoft\Windows\CurrentVersion\Uninstall\{A250E750-DB3F-40C1-8460-8EF77C7582DA},C:\ProgramData\Package Cache\{A250E750-DB3F-40C1-8460-8EF77C7582DA}v14.32.31326\packages\vcRuntimeAdditional_x86\,Application,Msi,,MsiExec.exe /I{A250E750-DB3F-40C1-8460-8EF77C7582DA},
000051e31aa436e91a6c52c2f94072a90b7000000904,2023-10-15 10:56:43.2668557,Microsoft.AccountsControl,10.0.19041.1023,"CN=Microsoft Windows, O=Microsoft Corporation, L=Redmond, S=Washington, C=US",,,,10.0.0.19045,,,False,True,1033,C:\Windows\SystemApps\Microsoft.AccountsControl_cw5n1h2txyewy\AppXManifest.xml,,,Microsoft.AccountsControl_10.0.19041.1023_neutral__cw5n1h2txyewy,0000da39a3ee5e6b4b0d3255bfef95601890afd80709,,C:\Windows\SystemApps\Microsoft.AccountsControl_cw5n1h2txyewy,Application,AppxPackage,Win10StoreApp,,
00005224df3449c9551c40631a1355f3042700000904,2023-10-15 10:56:44.6419753,Microsoft.ECApp,10.0.19041.1023,"CN=Microsoft Corporation, O=Microsoft Corporation, L=Redmond, S=Washington, C=US",,,,10.0.0.19045,,,False,True,1033,C:\Windows\SystemApps\Microsoft.ECApp_8wekyb3d8bbwe\AppXManifest.xml,,,Microsoft.ECApp_10.0.19041.1023_neutral__8wekyb3d8bbwe,0000da39a3ee5e6b4b0d3255bfef95601890afd80709,,C:\Windows\SystemApps\Microsoft.ECApp_8wekyb3d8bbwe,Application,AppxPackage,Win10StoreApp,,
0000558e5a5ed15dab84ae1673599da2979e00000904,2023-10-15 10:57:22.5008865,windows.immersivecontrolpanel,10.0.2.1000,"CN=Microsoft Windows, O=Microsoft Corporation, L=Redmond, S=Washington, C=US",,,,10.0.0.19045,,,False,True,1033,C:\Windows\ImmersiveControlPanel\AppXManifest.xml,,,windows.immersivecontrolpanel_10.0.2.1000_neutral_neutral_cw5n1h2txyewy,0000da39a3ee5e6b4b0d3255bfef95601890afd80709,,C:\Windows\ImmersiveControlPanel,Application,AppxPackage,Win10StoreApp,,
000055e6faa0de8badf9df481f41582a241900000904,2023-10-15 10:57:48.5482218,Microsoft.StorePurchaseApp,11811.1001.18.0,"CN=Microsoft Corporation, O=Microsoft Corporation, L=Redmond, S=Washington, C=US",,,,10.0.0.19045,,C:\Program Files\WindowsApps\Microsoft.StorePurchaseApp_11811.1001.1813.0_neutral_~_8wekyb3d8bbwe\AppxMetadata\AppXBundleManifest.xml,False,False,1033,C:\Program Files\WindowsApps\Microsoft.StorePurchaseApp_11811.1001.18.0_x64__8wekyb3d8bbwe\AppXManifest.xml,,,Microsoft.StorePurchaseApp_11811.1001.18.0_x64__8wekyb3d8bbwe,0000da39a3ee5e6b4b0d3255bfef95601890afd80709,,C:\Program Files\WindowsApps\Microsoft.StorePurchaseApp_11811.1001.18.0_x64__8wekyb3d8bbwe,Application,AppxPackage,Win10StoreApp,,
00005967ce0e61ddbf0765e9a8ee84ca057600000904,2023-10-15 10:58:13.3758308,Microsoft Visual C++ 2022 X64 Minimum Runtime - 14.32.31326,14.32.31326,Microsoft Corporation,,2023-10-14 00:00:00.0000000,,10.0.0.19045,,,True,False,1033,,{F27C8060-825F-4065-9AC1-A62C51062282},{C96241EA-9900-4FE8-85B3-1E238D509DF6},,0000da39a3ee5e6b4b0d3255bfef95601890afd80709,HKEY_LOCAL_MACHINE\Software\Microsoft\Windows\CurrentVersion\Uninstall\{C96241EA-9900-4FE8-85B3-1E238D509DF6},C:\ProgramData\Package Cache\{C96241EA-9900-4FE8-85B3-1E238D509DF6}v14.32.31326\packages\vcRuntimeMinimum_amd64\,Application,Msi,,MsiExec.exe /I{C96241EA-9900-4FE8-85B3-1E238D509DF6},
00005bfaf1c9a10517c79fd5066b0906890800000904,2023-10-15 10:56:39.1027967,1527c705-839a-4832-9118-54d4Bd6a0c89,10.0.19041.1023,"CN=Microsoft Windows, O=Microsoft Corporation, L=Redmond, S=Washington, C=US",,,,10.0.0.19045,,,False,True,1033,C:\Windows\SystemApps\Microsoft.Windows.FilePicker_cw5n1h2txyewy\AppXManifest.xml,,,1527c705-839a-4832-9118-54d4Bd6a0c89_10.0.19041.1023_neutral_neutral_cw5n1h2txyewy,0000da39a3ee5e6b4b0d3255bfef95601890afd80709,,C:\Windows\SystemApps\Microsoft.Windows.FilePicker_cw5n1h2txyewy,Application,AppxPackage,Win10StoreApp,,
00005eef6b15df030bdfd3a7501153dd48f100000904,2023-10-15 10:58:05.5949749,Microsoft.XboxGamingOverlay,2.34.28001.0,"CN=Microsoft Corporation, O=Microsoft Corporation, L=Redmond, S=Washington, C=US",,,,10.0.0.19045,,C:\Program Files\WindowsApps\Microsoft.XboxGamingOverlay_2.34.28001.0_neutral_~_8wekyb3d8bbwe\AppxMetadata\AppXBundleManifest.xml,False,False,1033,C:\Program Files\WindowsApps\Microsoft.XboxGamingOverlay_2.34.28001.0_x64__8wekyb3d8bbwe\AppXManifest.xml,,,Microsoft.XboxGamingOverlay_2.34.28001.0_x64__8wekyb3d8bbwe,0000da39a3ee5e6b4b0d3255bfef95601890afd80709,,C:\Program Files\WindowsApps\Microsoft.XboxGamingOverlay_2.34.28001.0_x64__8wekyb3d8bbwe,Application,AppxPackage,Win10StoreApp,,
00005fff49c9e0e30bc5c9af75c864df863600000904,2023-10-15 10:56:46.0633188,Microsoft.MicrosoftEdge,44.19041.1266.0,"CN=Microsoft Corporation, O=Microsoft Corporation, L=Redmond, S=Washington, C=US",,,,10.0.0.19045,,,False,True,1033,C:\Windows\SystemApps\Microsoft.MicrosoftEdge_8wekyb3d8bbwe\AppXManifest.xml,,,Microsoft.MicrosoftEdge_44.19041.1266.0_neutral__8wekyb3d8bbwe,0000da39a3ee5e6b4b0d3255bfef95601890afd80709,,C:\Windows\SystemApps\Microsoft.MicrosoftEdge_8wekyb3d8bbwe,Application,AppxPackage,Win10StoreApp,,
000065337109f949f6f01a372c13d91c18110000ffff,2023-10-15 11:04:23.4986666,Microsoft Edge WebView2 Runtime,117.0.2045.60,Microsoft Corporation,,2023-10-15 00:00:00.0000000,,10.0.0.19045,,,False,False,65535,,,,,,HKEY_LOCAL_MACHINE\Software\Wow6432Node\Microsoft\Windows\CurrentVersion\Uninstall\Microsoft EdgeWebView,C:\Program Files (x86)\Microsoft\EdgeWebView\Application,Application,AddRemoveProgram,,"""C:\Program Files (x86)\Microsoft\EdgeWebView\Application\117.0.2045.60\Installer\setup.exe"" --uninstall --msedgewebview --system-level --verbose-logging",
000065bbd525db8e573dfabbddc2e1b3071700000904,2023-10-15 10:57:25.6417057,Microsoft.BingWeather,4.25.20211.0,"CN=Microsoft Corporation, O=Microsoft Corporation, L=Redmond, S=Washington, C=US",,,,10.0.0.19045,,C:\Program Files\WindowsApps\Microsoft.BingWeather_4.25.20211.0_neutral_~_8wekyb3d8bbwe\AppxMetadata\AppXBundleManifest.xml,False,False,1033,C:\Program Files\WindowsApps\Microsoft.BingWeather_4.25.20211.0_x64__8wekyb3d8bbwe\AppXManifest.xml,,,Microsoft.BingWeather_4.25.20211.0_x64__8wekyb3d8bbwe,0000da39a3ee5e6b4b0d3255bfef95601890afd80709,,C:\Program Files\WindowsApps\Microsoft.BingWeather_4.25.20211.0_x64__8wekyb3d8bbwe,Application,AppxPackage,Win10StoreApp,,
000069c788d03c015ca55573b3823085b35f00000904,2023-10-15 10:57:06.5476610,Microsoft.Windows.ShellExperienceHost,10.0.19041.1949,"CN=Microsoft Windows, O=Microsoft Corporation, L=Redmond, S=Washington, C=US",,,,10.0.0.19045,,,False,True,1033,C:\Windows\SystemApps\ShellExperienceHost_cw5n1h2txyewy\AppXManifest.xml,,,Microsoft.Windows.ShellExperienceHost_10.0.19041.1949_neutral_neutral_cw5n1h2txyewy,0000da39a3ee5e6b4b0d3255bfef95601890afd80709,,C:\Windows\SystemApps\ShellExperienceHost_cw5n1h2txyewy,Application,AppxPackage,Win10StoreApp,,
00006b968984fe87cd7972d88a0b70be8d9d00000904,2023-10-15 10:57:53.8916629,Microsoft.Windows.Photos,2019.19071.12548.0,"CN=Microsoft Corporation, O=Microsoft Corporation, L=Redmond, S=Washington, C=US",,,,10.0.0.19045,,C:\Program Files\WindowsApps\Microsoft.Windows.Photos_2019.19071.12548.0_neutral_~_8wekyb3d8bbwe\AppxMetadata\AppXBundleManifest.xml,False,False,1033,C:\Program Files\WindowsApps\Microsoft.Windows.Photos_2019.19071.12548.0_x64__8wekyb3d8bbwe\AppXManifest.xml,,,Microsoft.Windows.Photos_2019.19071.12548.0_x64__8wekyb3d8bbwe,0000da39a3ee5e6b4b0d3255bfef95601890afd80709,,C:\Program Files\WindowsApps\Microsoft.Windows.Photos_2019.19071.12548.0_x64__8wekyb3d8bbwe,Application,AppxPackage,Win10StoreApp,,
00006d6d2c8a2a2ddd15b3d746f810b2969e00000904,2023-10-15 10:57:51.4855158,Microsoft.Wallet,2.4.18324.0,"CN=Microsoft Corporation, O=Microsoft Corporation, L=Redmond, S=Washington, C=US",,,,10.0.0.19045,,C:\Program Files\WindowsApps\Microsoft.Wallet_2.4.18324.0_neutral_~_8wekyb3d8bbwe\AppxMetadata\AppXBundleManifest.xml,False,False,1033,C:\Program Files\WindowsApps\Microsoft.Wallet_2.4.18324.0_x64__8wekyb3d8bbwe\AppXManifest.xml,,,Microsoft.Wallet_2.4.18324.0_x64__8wekyb3d8bbwe,0000da39a3ee5e6b4b0d3255bfef95601890afd80709,,C:\Program Files\WindowsApps\Microsoft.Wallet_2.4.18324.0_x64__8wekyb3d8bbwe,Application,AppxPackage,Win10StoreApp,,
00006ff44d994e32aa859c1f27757af2972e00000904,2023-10-15 10:56:58.3290551,Microsoft.Windows.OOBENetworkConnectionFlow,10.0.19041.1023,"CN=Microsoft Windows, O=Microsoft Corporation, L=Redmond, S=Washington, C=US",,,,10.0.0.19045,,,False,True,1033,C:\Windows\SystemApps\Microsoft.Windows.OOBENetworkConnectionFlow_cw5n1h2txyewy\AppXManifest.xml,,,Microsoft.Windows.OOBENetworkConnectionFlow_10.0.19041.1023_neutral__cw5n1h2txyewy,0000da39a3ee5e6b4b0d3255bfef95601890afd80709,,C:\Windows\SystemApps\Microsoft.Windows.OOBENetworkConnectionFlow_cw5n1h2txyewy,Application,AppxPackage,Win10StoreApp,,
0000705bcf39c441e24df8849395fc27af6800000904,2023-10-15 10:57:01.3451916,Microsoft.Windows.PinningConfirmationDialog,1000.19041.1023.0,"CN=Microsoft Windows, O=Microsoft Corporation, L=Redmond, S=Washington, C=US",,,,10.0.0.19045,,,False,True,1033,C:\Windows\SystemApps\Microsoft.Windows.PinningConfirmationDialog_cw5n1h2txyewy\AppXManifest.xml,,,Microsoft.Windows.PinningConfirmationDialog_1000.19041.1023.0_neutral__cw5n1h2txyewy,0000da39a3ee5e6b4b0d3255bfef95601890afd80709,,C:\Windows\SystemApps\Microsoft.Windows.PinningConfirmationDialog_cw5n1h2txyewy,Application,AppxPackage,Win10StoreApp,,
000072d1e800f26c4a137318b40f345b66e100000904,2023-10-15 10:58:04.7981233,Microsoft.XboxGameOverlay,1.46.11001.0,"CN=Microsoft Corporation, O=Microsoft Corporation, L=Redmond, S=Washington, C=US",,,,10.0.0.19045,,C:\Program Files\WindowsApps\Microsoft.XboxGameOverlay_1.46.11001.0_neutral_~_8wekyb3d8bbwe\AppxMetadata\AppXBundleManifest.xml,False,False,1033,C:\Program Files\WindowsApps\Microsoft.XboxGameOverlay_1.46.11001.0_x64__8wekyb3d8bbwe\AppXManifest.xml,,,Microsoft.XboxGameOverlay_1.46.11001.0_x64__8wekyb3d8bbwe,0000da39a3ee5e6b4b0d3255bfef95601890afd80709,,C:\Program Files\WindowsApps\Microsoft.XboxGameOverlay_1.46.11001.0_x64__8wekyb3d8bbwe,Application,AppxPackage,Win10StoreApp,,
0000743f0fb09d90a4fde8a0d3d1b12663cc00000904,2023-10-15 10:57:40.0637673,Microsoft.MixedReality.Portal,2000.19081.1301.0,"CN=Microsoft Corporation, O=Microsoft Corporation, L=Redmond, S=Washington, C=US",,,,10.0.0.19045,,C:\Program Files\WindowsApps\Microsoft.MixedReality.Portal_2000.19081.1301.0_neutral_~_8wekyb3d8bbwe\AppxMetadata\AppXBundleManifest.xml,False,False,1033,C:\Program Files\WindowsApps\Microsoft.MixedReality.Portal_2000.19081.1301.0_x64__8wekyb3d8bbwe\AppXManifest.xml,,,Microsoft.MixedReality.Portal_2000.19081.1301.0_x64__8wekyb3d8bbwe,0000da39a3ee5e6b4b0d3255bfef95601890afd80709,,C:\Program Files\WindowsApps\Microsoft.MixedReality.Portal_2000.19081.1301.0_x64__8wekyb3d8bbwe,Application,AppxPackage,CentennialStoreApp,,
0000750462b8a50555c242bf4e2278f590b900000904,2023-10-15 10:57:47.4394900,Microsoft.SkypeApp,14.53.77.0,"CN=Skype Software Sarl, O=Microsoft Corporation, L=Luxembourg, S=Luxembourg, C=LU",,,,10.0.0.19045,,C:\Program Files\WindowsApps\Microsoft.SkypeApp_14.53.77.0_neutral_~_kzf8qxf38zg5c\AppxMetadata\AppXBundleManifest.xml,False,False,1033,C:\Program Files\WindowsApps\Microsoft.SkypeApp_14.53.77.0_x64__kzf8qxf38zg5c\AppXManifest.xml,,,Microsoft.SkypeApp_14.53.77.0_x64__kzf8qxf38zg5c,0000da39a3ee5e6b4b0d3255bfef95601890afd80709,,C:\Program Files\WindowsApps\Microsoft.SkypeApp_14.53.77.0_x64__kzf8qxf38zg5c,Application,AppxPackage,CentennialStoreApp,,
00007523254627041588bb352374197874fc0000ffff,2023-10-15 10:58:13.8447463,Microsoft Visual C++ 2015-2022 Redistributable (x86) - 14.32.31326,14.32.31326.0,Microsoft Corporation,,2023-10-14 18:02:32.0000000,,10.0.0.19045,,,False,False,65535,,,,,0000150167c56441e12e63d778614eace4ef9aeaa35e,HKEY_LOCAL_MACHINE\Software\Wow6432Node\Microsoft\Windows\CurrentVersion\Uninstall\{817e21c1-6b3a-4bc1-8c49-67e4e1887b3a},c:\programdata\package cache\{817e21c1-6b3a-4bc1-8c49-67e4e1887b3a},Application,AddRemoveProgram,,"""C:\ProgramData\Package Cache\{817e21c1-6b3a-4bc1-8c49-67e4e1887b3a}\VC_redist.x86.exe""  /uninstall",
0000784ee738828903161a527bcce5e0189400000904,2023-10-15 10:57:45.2979301,Microsoft.ScreenSketch,10.1907.2471.0,"CN=Microsoft Corporation, O=Microsoft Corporation, L=Redmond, S=Washington, C=US",,,,10.0.0.19045,,C:\Program Files\WindowsApps\Microsoft.ScreenSketch_2019.904.1644.0_neutral_~_8wekyb3d8bbwe\AppxMetadata\AppXBundleManifest.xml,False,False,1033,C:\Program Files\WindowsApps\Microsoft.ScreenSketch_10.1907.2471.0_x64__8wekyb3d8bbwe\AppXManifest.xml,,,Microsoft.ScreenSketch_10.1907.2471.0_x64__8wekyb3d8bbwe,0000da39a3ee5e6b4b0d3255bfef95601890afd80709,,C:\Program Files\WindowsApps\Microsoft.ScreenSketch_10.1907.2471.0_x64__8wekyb3d8bbwe,Application,AppxPackage,Win10StoreApp,,
000078b669d89c095a9db6e6317c1c491f3100000904,2023-10-15 10:56:45.4695013,Microsoft.MicrosoftEdgeDevToolsClient,1000.19041.1023.0,"CN=Microsoft Corporation, O=Microsoft Corporation, L=Redmond, S=Washington, C=US",,,,10.0.0.19045,,,False,True,1033,C:\Windows\SystemApps\Microsoft.MicrosoftEdgeDevToolsClient_8wekyb3d8bbwe\AppXManifest.xml,,,Microsoft.MicrosoftEdgeDevToolsClient_1000.19041.1023.0_neutral_neutral_8wekyb3d8bbwe,0000da39a3ee5e6b4b0d3255bfef95601890afd80709,,C:\Windows\SystemApps\Microsoft.MicrosoftEdgeDevToolsClient_8wekyb3d8bbwe,Application,AppxPackage,Win10StoreApp,,
00007983185c6c55608c45c989b0c20345b500000904,2023-10-15 10:58:07.4698950,Microsoft.YourPhone,0.19051.7.0,"CN=Microsoft Corporation, O=Microsoft Corporation, L=Redmond, S=Washington, C=US",,,,10.0.0.19045,,C:\Program Files\WindowsApps\Microsoft.YourPhone_2019.430.2026.0_neutral_~_8wekyb3d8bbwe\AppxMetadata\AppXBundleManifest.xml,False,False,1033,C:\Program Files\WindowsApps\Microsoft.YourPhone_0.19051.7.0_x64__8wekyb3d8bbwe\AppXManifest.xml,,,Microsoft.YourPhone_0.19051.7.0_x64__8wekyb3d8bbwe,0000da39a3ee5e6b4b0d3255bfef95601890afd80709,,C:\Program Files\WindowsApps\Microsoft.YourPhone_0.19051.7.0_x64__8wekyb3d8bbwe,Application,AppxPackage,Win10StoreApp,,
000085eacfe32c63161a8c924ed792d78aa600000904,2023-10-15 10:57:33.6259889,Microsoft.Microsoft3DViewer,6.1908.2042.0,"CN=Microsoft Corporation, O=Microsoft Corporation, L=Redmond, S=Washington, C=US",,,,10.0.0.19045,,C:\Program Files\WindowsApps\Microsoft.Microsoft3DViewer_6.1908.2042.0_neutral_~_8wekyb3d8bbwe\AppxMetadata\AppXBundleManifest.xml,False,False,1033,C:\Program Files\WindowsApps\Microsoft.Microsoft3DViewer_6.1908.2042.0_x64__8wekyb3d8bbwe\AppXManifest.xml,,,Microsoft.Microsoft3DViewer_6.1908.2042.0_x64__8wekyb3d8bbwe,0000da39a3ee5e6b4b0d3255bfef95601890afd80709,,C:\Program Files\WindowsApps\Microsoft.Microsoft3DViewer_6.1908.2042.0_x64__8wekyb3d8bbwe,Application,AppxPackage,CentennialStoreApp,,
00008948a84b99d605c861eefc801645889000000904,2023-10-15 10:57:12.4070555,MicrosoftWindows.Client.CBS,120.2212.4180.0,"CN=Microsoft Windows, O=Microsoft Corporation, L=Redmond, S=Washington, C=US",,,,10.0.0.19045,,,False,True,1033,C:\Windows\SystemApps\MicrosoftWindows.Client.CBS_cw5n1h2txyewy\AppXManifest.xml,,,MicrosoftWindows.Client.CBS_120.2212.4180.0_x64__cw5n1h2txyewy,0000da39a3ee5e6b4b0d3255bfef95601890afd80709,,C:\Windows\SystemApps\MicrosoftWindows.Client.CBS_cw5n1h2txyewy,Application,AppxPackage,Win10StoreApp,,
000089a99bb9ed344e25b0b12a350492593000000904,2023-10-15 10:58:08.6106803,Microsoft.ZuneMusic,10.19071.19011.0,"CN=Microsoft Corporation, O=Microsoft Corporation, L=Redmond, S=Washington, C=US",,,,10.0.0.19045,,C:\Program Files\WindowsApps\Microsoft.ZuneMusic_2019.19071.19011.0_neutral_~_8wekyb3d8bbwe\AppxMetadata\AppXBundleManifest.xml,False,False,1033,C:\Program Files\WindowsApps\Microsoft.ZuneMusic_10.19071.19011.0_x64__8wekyb3d8bbwe\AppXManifest.xml,,,Microsoft.ZuneMusic_10.19071.19011.0_x64__8wekyb3d8bbwe,0000da39a3ee5e6b4b0d3255bfef95601890afd80709,,C:\Program Files\WindowsApps\Microsoft.ZuneMusic_10.19071.19011.0_x64__8wekyb3d8bbwe,Application,AppxPackage,Win10StoreApp,,
00008a89803f63e3e9459f31f74de38f839100000904,2023-10-15 10:57:10.8447024,Microsoft.Windows.XGpuEjectDialog,10.0.19041.1023,"CN=Microsoft Windows, O=Microsoft Corporation, L=Redmond, S=Washington, C=US",,,,10.0.0.19045,,,False,True,1033,C:\Windows\SystemApps\Microsoft.Windows.XGpuEjectDialog_cw5n1h2txyewy\AppXManifest.xml,,,Microsoft.Windows.XGpuEjectDialog_10.0.19041.1023_neutral_neutral_cw5n1h2txyewy,0000da39a3ee5e6b4b0d3255bfef95601890afd80709,,C:\Windows\SystemApps\Microsoft.Windows.XGpuEjectDialog_cw5n1h2txyewy,Application,AppxPackage,Win10StoreApp,,
00008aa377c946c735cd976a907d3e4a5f5f00000904,2023-10-15 10:57:59.6738884,Microsoft.WindowsFeedbackHub,1.1907.3152.0,"CN=Microsoft Corporation, O=Microsoft Corporation, L=Redmond, S=Washington, C=US",,,,10.0.0.19045,,C:\Program Files\WindowsApps\Microsoft.WindowsFeedbackHub_2019.1111.2029.0_neutral_~_8wekyb3d8bbwe\AppxMetadata\AppXBundleManifest.xml,False,False,1033,C:\Program Files\WindowsApps\Microsoft.WindowsFeedbackHub_1.1907.3152.0_x64__8wekyb3d8bbwe\AppXManifest.xml,,,Microsoft.WindowsFeedbackHub_1.1907.3152.0_x64__8wekyb3d8bbwe,0000da39a3ee5e6b4b0d3255bfef95601890afd80709,,C:\Program Files\WindowsApps\Microsoft.WindowsFeedbackHub_1.1907.3152.0_x64__8wekyb3d8bbwe,Application,AppxPackage,Win10StoreApp,,
00008ad1626c5eb3a09ab78acde3e25a530d00000904,2023-10-15 10:57:24.3447764,Microsoft.549981C3F5F10,1.1911.21713.0,"CN=Microsoft Corporation, O=Microsoft Corporation, L=Redmond, S=Washington, C=US",,,,10.0.0.19045,,C:\Program Files\WindowsApps\Microsoft.549981C3F5F10_1.1911.21713.0_neutral_~_8wekyb3d8bbwe\AppxMetadata\AppXBundleManifest.xml,False,False,1033,C:\Program Files\WindowsApps\Microsoft.549981C3F5F10_1.1911.21713.0_x64__8wekyb3d8bbwe\AppXManifest.xml,,,Microsoft.549981C3F5F10_1.1911.21713.0_x64__8wekyb3d8bbwe,0000da39a3ee5e6b4b0d3255bfef95601890afd80709,,C:\Program Files\WindowsApps\Microsoft.549981C3F5F10_1.1911.21713.0_x64__8wekyb3d8bbwe,Application,AppxPackage,CentennialStoreApp,,
00008def4b8671eee94a59343742115ca96200000904,2023-10-15 10:57:28.8920410,Microsoft.GetHelp,10.1706.13331.0,"CN=Microsoft Corporation, O=Microsoft Corporation, L=Redmond, S=Washington, C=US",,,,10.0.0.19045,,C:\Program Files\WindowsApps\Microsoft.GetHelp_10.1706.13331.0_neutral_~_8wekyb3d8bbwe\AppxMetadata\AppXBundleManifest.xml,False,False,1033,C:\Program Files\WindowsApps\Microsoft.GetHelp_10.1706.13331.0_x64__8wekyb3d8bbwe\AppXManifest.xml,,,Microsoft.GetHelp_10.1706.13331.0_x64__8wekyb3d8bbwe,0000da39a3ee5e6b4b0d3255bfef95601890afd80709,,C:\Program Files\WindowsApps\Microsoft.GetHelp_10.1706.13331.0_x64__8wekyb3d8bbwe,Application,AppxPackage,Win10StoreApp,,
00008e2a02b740ba9d63c0d766cef9918a2300000904,2023-10-15 10:56:48.8920731,Microsoft.Windows.CallingShellApp,1000.19041.1023.0,"CN=Microsoft Windows, O=Microsoft Corporation, L=Redmond, S=Washington, C=US",,,,10.0.0.19045,,,False,True,1033,C:\Windows\SystemApps\Microsoft.Windows.CallingShellApp_cw5n1h2txyewy\AppXManifest.xml,,,Microsoft.Windows.CallingShellApp_1000.19041.1023.0_neutral_neutral_cw5n1h2txyewy,0000da39a3ee5e6b4b0d3255bfef95601890afd80709,,C:\Windows\SystemApps\Microsoft.Windows.CallingShellApp_cw5n1h2txyewy,Application,AppxPackage,Win10StoreApp,,
00008f4af15a28715c62848e6f46ec11140500000904,2023-10-15 10:56:40.1808865,E2A4F912-2574-4A75-9BB0-0D023378592B,10.0.19041.1023,"CN=Microsoft Windows, O=Microsoft Corporation, L=Redmond, S=Washington, C=US",,,,10.0.0.19045,,,False,True,1033,C:\Windows\SystemApps\Microsoft.Windows.AppResolverUX_cw5n1h2txyewy\AppXManifest.xml,,,E2A4F912-2574-4A75-9BB0-0D023378592B_10.0.19041.1023_neutral_neutral_cw5n1h2txyewy,0000da39a3ee5e6b4b0d3255bfef95601890afd80709,,C:\Windows\SystemApps\Microsoft.Windows.AppResolverUX_cw5n1h2txyewy,Application,AppxPackage,Win10StoreApp,,
00009472895d250996817702b0cd351b895e00000904,2023-10-15 10:57:56.6105469,Microsoft.WindowsCalculator,10.1906.55.0,"CN=Microsoft Corporation, O=Microsoft Corporation, L=Redmond, S=Washington, C=US",,,,10.0.0.19045,,C:\Program Files\WindowsApps\Microsoft.WindowsCalculator_2020.1906.55.0_neutral_~_8wekyb3d8bbwe\AppxMetadata\AppXBundleManifest.xml,False,False,1033,C:\Program Files\WindowsApps\Microsoft.WindowsCalculator_10.1906.55.0_x64__8wekyb3d8bbwe\AppXManifest.xml,,,Microsoft.WindowsCalculator_10.1906.55.0_x64__8wekyb3d8bbwe,0000da39a3ee5e6b4b0d3255bfef95601890afd80709,,C:\Program Files\WindowsApps\Microsoft.WindowsCalculator_10.1906.55.0_x64__8wekyb3d8bbwe,Application,AppxPackage,Win10StoreApp,,
00009df2bf871205a2b077b0d5915818e77300000904,2023-10-15 10:56:45.0791067,Microsoft.LockApp,10.0.19041.1023,"CN=Microsoft Windows, O=Microsoft Corporation, L=Redmond, S=Washington, C=US",,,,10.0.0.19045,,,False,True,1033,C:\Windows\SystemApps\Microsoft.LockApp_cw5n1h2txyewy\AppXManifest.xml,,,Microsoft.LockApp_10.0.19041.1023_neutral__cw5n1h2txyewy,0000da39a3ee5e6b4b0d3255bfef95601890afd80709,,C:\Windows\SystemApps\Microsoft.LockApp_cw5n1h2txyewy,Application,AppxPackage,Win10StoreApp,,
0000a163faa1166d2e48d58de2c3b378937000000904,2023-10-15 10:58:10.2667184,Microsoft.MicrosoftEdge.Stable,118.0.2088.46,"CN=Microsoft Corporation, O=Microsoft Corporation, L=Redmond, S=Washington, C=US",,,,10.0.0.19045,,,False,False,1033,C:\Program Files\WindowsApps\Microsoft.MicrosoftEdge.Stable_118.0.2088.46_neutral__8wekyb3d8bbwe\AppXManifest.xml,,,Microsoft.MicrosoftEdge.Stable_118.0.2088.46_neutral__8wekyb3d8bbwe,0000da39a3ee5e6b4b0d3255bfef95601890afd80709,,C:\Program Files\WindowsApps\Microsoft.MicrosoftEdge.Stable_118.0.2088.46_neutral__8wekyb3d8bbwe,Application,AppxPackage,CentennialStoreApp,,
0000a1a9fea65bfdf732433f2112ae93923200000904,2023-10-15 10:58:13.3134902,VMware Tools,12.1.5.20735119,"VMware, Inc.",,2023-10-14 00:00:00.0000000,,10.0.0.19045,,,False,False,1033,,{F62891D6-DF14-453D-A69F-E3E1EE5DCE7F},{65A35679-0C08-4C9A-9AC3-46417F198653},,0000efd770c04104149e4b89fc6d39afc6f6af5f64b2,HKEY_LOCAL_MACHINE\Software\Microsoft\Windows\CurrentVersion\Uninstall\{65A35679-0C08-4C9A-9AC3-46417F198653},C:\Program Files\VMware\VMware Tools\,Application,Msi,,MsiExec.exe /I{65A35679-0C08-4C9A-9AC3-46417F198653},
0000a668ea4b3e2f722eea3eac6289b4f8680000ffff,2023-10-15 10:58:13.7668795,Microsoft Edge Update,1.3.177.11,,,2023-10-14 18:54:46.0000000,,10.0.0.19045,,,False,False,65535,,,,,0000da39a3ee5e6b4b0d3255bfef95601890afd80709,HKEY_LOCAL_MACHINE\Software\Wow6432Node\Microsoft\Windows\CurrentVersion\Uninstall\Microsoft Edge Update,,Application,AddRemoveProgram,,,
0000a66bbc38946d49abdd8be9f917bea99300000904,2023-10-15 10:56:51.5637422,Microsoft.Windows.CloudExperienceHost,10.0.19041.1266,"CN=Microsoft Windows, O=Microsoft Corporation, L=Redmond, S=Washington, C=US",,,,10.0.0.19045,,,False,True,1033,C:\Windows\SystemApps\Microsoft.Windows.CloudExperienceHost_cw5n1h2txyewy\AppXManifest.xml,,,Microsoft.Windows.CloudExperienceHost_10.0.19041.1266_neutral_neutral_cw5n1h2txyewy,0000da39a3ee5e6b4b0d3255bfef95601890afd80709,,C:\Windows\SystemApps\Microsoft.Windows.CloudExperienceHost_cw5n1h2txyewy,Application,AppxPackage,Win10StoreApp,,
0000a837d08f98ddb3debf981172fc19553000000904,2023-10-15 10:58:03.9551250,Microsoft.XboxApp,48.49.31001.0,"CN=Microsoft Corporation, O=Microsoft Corporation, L=Redmond, S=Washington, C=US",,,,10.0.0.19045,,C:\Program Files\WindowsApps\Microsoft.XboxApp_48.49.31001.0_neutral_~_8wekyb3d8bbwe\AppxMetadata\AppXBundleManifest.xml,False,False,1033,C:\Program Files\WindowsApps\Microsoft.XboxApp_48.49.31001.0_x64__8wekyb3d8bbwe\AppXManifest.xml,,,Microsoft.XboxApp_48.49.31001.0_x64__8wekyb3d8bbwe,0000da39a3ee5e6b4b0d3255bfef95601890afd80709,,C:\Program Files\WindowsApps\Microsoft.XboxApp_48.49.31001.0_x64__8wekyb3d8bbwe,Application,AppxPackage,Win10StoreApp,,
0000a84eb34f327a9e73f414f53a483d1e1700000904,2023-10-15 10:56:53.7356446,Microsoft.Windows.ContentDeliveryManager,10.0.19041.1023,"CN=Microsoft Windows, O=Microsoft Corporation, L=Redmond, S=Washington, C=US",,,,10.0.0.19045,,,False,True,1033,C:\Windows\SystemApps\Microsoft.Windows.ContentDeliveryManager_cw5n1h2txyewy\AppXManifest.xml,,,Microsoft.Windows.ContentDeliveryManager_10.0.19041.1023_neutral_neutral_cw5n1h2txyewy,0000da39a3ee5e6b4b0d3255bfef95601890afd80709,,C:\Windows\SystemApps\Microsoft.Windows.ContentDeliveryManager_cw5n1h2txyewy,Application,AppxPackage,Win10StoreApp,,
0000b1872728f772c5e41b13fa81a3eb27a800000904,2023-10-15 10:58:06.0178744,Microsoft.XboxIdentityProvider,12.50.6001.0,"CN=Microsoft Corporation, O=Microsoft Corporation, L=Redmond, S=Washington, C=US",,,,10.0.0.19045,,C:\Program Files\WindowsApps\Microsoft.XboxIdentityProvider_12.50.6001.0_neutral_~_8wekyb3d8bbwe\AppxMetadata\AppXBundleManifest.xml,False,False,1033,C:\Program Files\WindowsApps\Microsoft.XboxIdentityProvider_12.50.6001.0_x64__8wekyb3d8bbwe\AppXManifest.xml,,,Microsoft.XboxIdentityProvider_12.50.6001.0_x64__8wekyb3d8bbwe,0000da39a3ee5e6b4b0d3255bfef95601890afd80709,,C:\Program Files\WindowsApps\Microsoft.XboxIdentityProvider_12.50.6001.0_x64__8wekyb3d8bbwe,Application,AppxPackage,Win10StoreApp,,
0000b39bde35c4aedb500c62d2add20ccc4f00000904,2023-10-15 10:57:37.4382866,Microsoft.MicrosoftSolitaireCollection,4.4.8204.0,"CN=Microsoft Corporation, O=Microsoft Corporation, L=Redmond, S=Washington, C=US",,,,10.0.0.19045,,C:\Program Files\WindowsApps\Microsoft.MicrosoftSolitaireCollection_4.4.8204.0_neutral_~_8wekyb3d8bbwe\AppxMetadata\AppXBundleManifest.xml,False,False,1033,C:\Program Files\WindowsApps\Microsoft.MicrosoftSolitaireCollection_4.4.8204.0_x64__8wekyb3d8bbwe\AppXManifest.xml,,,Microsoft.MicrosoftSolitaireCollection_4.4.8204.0_x64__8wekyb3d8bbwe,0000da39a3ee5e6b4b0d3255bfef95601890afd80709,,C:\Program Files\WindowsApps\Microsoft.MicrosoftSolitaireCollection_4.4.8204.0_x64__8wekyb3d8bbwe,Application,AppxPackage,Win10StoreApp,,
0000b410e04749a415420e3394e764e3ee8e00000904,2023-10-15 10:56:39.6968641,c5e2524a-ea46-4f67-841f-6a9465d9d515,10.0.19041.1949,"CN=Microsoft Windows, O=Microsoft Corporation, L=Redmond, S=Washington, C=US",,,,10.0.0.19045,,,False,True,1033,C:\Windows\SystemApps\Microsoft.Windows.FileExplorer_cw5n1h2txyewy\AppXManifest.xml,,,c5e2524a-ea46-4f67-841f-6a9465d9d515_10.0.19041.1949_neutral_neutral_cw5n1h2txyewy,0000da39a3ee5e6b4b0d3255bfef95601890afd80709,,C:\Windows\SystemApps\Microsoft.Windows.FileExplorer_cw5n1h2txyewy,Application,AppxPackage,Win10StoreApp,,
0000b5581fc0b7faddaec2a271d9fd6fbec200000904,2023-10-15 10:57:14.2664428,MicrosoftWindows.UndockedDevKit,10.0.19041.1023,"CN=Microsoft Windows, O=Microsoft Corporation, L=Redmond, S=Washington, C=US",,,,10.0.0.19045,,,False,True,1033,C:\Windows\SystemApps\MicrosoftWindows.UndockedDevKit_cw5n1h2txyewy\AppXManifest.xml,,,MicrosoftWindows.UndockedDevKit_10.0.19041.1023_neutral_neutral_cw5n1h2txyewy,0000da39a3ee5e6b4b0d3255bfef95601890afd80709,,C:\Windows\SystemApps\MicrosoftWindows.UndockedDevKit_cw5n1h2txyewy,Application,AppxPackage,Win10StoreApp,,
0000b94a9a9cabfc08fbe33c76d4924cfd2c00000904,2023-10-15 10:57:04.4072508,Microsoft.Windows.SecureAssessmentBrowser,10.0.19041.1023,"CN=Microsoft Windows, O=Microsoft Corporation, L=Redmond, S=Washington, C=US",,,,10.0.0.19045,,,False,True,1033,C:\Windows\SystemApps\Microsoft.Windows.SecureAssessmentBrowser_cw5n1h2txyewy\AppXManifest.xml,,,Microsoft.Windows.SecureAssessmentBrowser_10.0.19041.1023_neutral_neutral_cw5n1h2txyewy,0000da39a3ee5e6b4b0d3255bfef95601890afd80709,,C:\Windows\SystemApps\Microsoft.Windows.SecureAssessmentBrowser_cw5n1h2txyewy,Application,AppxPackage,Win10StoreApp,,
0000bb0384fdec7675699e41310ff0d709d000000904,2023-10-15 10:56:59.3324965,Microsoft.Windows.ParentalControls,1000.19041.1023.0,"CN=Microsoft Windows, O=Microsoft Corporation, L=Redmond, S=Washington, C=US",,,,10.0.0.19045,,,False,True,1033,C:\Windows\SystemApps\ParentalControls_cw5n1h2txyewy\AppXManifest.xml,,,Microsoft.Windows.ParentalControls_1000.19041.1023.0_neutral_neutral_cw5n1h2txyewy,0000da39a3ee5e6b4b0d3255bfef95601890afd80709,,C:\Windows\SystemApps\ParentalControls_cw5n1h2txyewy,Application,AppxPackage,Win10StoreApp,,
0000bc262e922d9a44014cfb812b5f634be600000904,2023-10-15 10:57:38.6730255,Microsoft.MicrosoftStickyNotes,3.6.73.0,"CN=Microsoft Corporation, O=Microsoft Corporation, L=Redmond, S=Washington, C=US",,,,10.0.0.19045,,C:\Program Files\WindowsApps\Microsoft.MicrosoftStickyNotes_3.6.73.0_neutral_~_8wekyb3d8bbwe\AppxMetadata\AppXBundleManifest.xml,False,False,1033,C:\Program Files\WindowsApps\Microsoft.MicrosoftStickyNotes_3.6.73.0_x64__8wekyb3d8bbwe\AppXManifest.xml,,,Microsoft.MicrosoftStickyNotes_3.6.73.0_x64__8wekyb3d8bbwe,0000da39a3ee5e6b4b0d3255bfef95601890afd80709,,C:\Program Files\WindowsApps\Microsoft.MicrosoftStickyNotes_3.6.73.0_x64__8wekyb3d8bbwe,Application,AppxPackage,Win10StoreApp,,
0000bf7e77dcc5c1ad24f13cbd53a35cca5000000904,2023-10-15 10:57:00.3449997,Microsoft.Windows.PeopleExperienceHost,10.0.19041.1023,"CN=Microsoft Windows, O=Microsoft Corporation, L=Redmond, S=Washington, C=US",,,,10.0.0.19045,,,False,True,1033,C:\Windows\SystemApps\Microsoft.Windows.PeopleExperienceHost_cw5n1h2txyewy\AppXManifest.xml,,,Microsoft.Windows.PeopleExperienceHost_10.0.19041.1023_neutral_neutral_cw5n1h2txyewy,0000da39a3ee5e6b4b0d3255bfef95601890afd80709,,C:\Windows\SystemApps\Microsoft.Windows.PeopleExperienceHost_cw5n1h2txyewy,Application,AppxPackage,Win10StoreApp,,
0000c4dbd8be2b461874a2394e21197306ad00000904,2023-10-15 10:58:11.7665200,Microsoft.People,10.2202.33.0,"CN=Microsoft Corporation, O=Microsoft Corporation, L=Redmond, S=Washington, C=US",,,,10.0.0.19045,,C:\Program Files\WindowsApps\Microsoft.People_2021.2202.33.0_neutral_~_8wekyb3d8bbwe\AppxMetadata\AppXBundleManifest.xml,False,False,1033,C:\Program Files\WindowsApps\Microsoft.People_10.2202.33.0_x64__8wekyb3d8bbwe\AppXManifest.xml,,,Microsoft.People_10.2202.33.0_x64__8wekyb3d8bbwe,0000da39a3ee5e6b4b0d3255bfef95601890afd80709,,C:\Program Files\WindowsApps\Microsoft.People_10.2202.33.0_x64__8wekyb3d8bbwe,Application,AppxPackage,Win10StoreApp,,
0000c54b0d7efe5f29c470aac14b7768e3cc00000904,2023-10-15 10:56:42.9388207,Microsoft.AAD.BrokerPlugin,1000.19041.1023.0,"CN=Microsoft Windows, O=Microsoft Corporation, L=Redmond, S=Washington, C=US",,,,10.0.0.19045,,,False,True,1033,C:\Windows\SystemApps\Microsoft.AAD.BrokerPlugin_cw5n1h2txyewy\AppXManifest.xml,,,Microsoft.AAD.BrokerPlugin_1000.19041.1023.0_neutral_neutral_cw5n1h2txyewy,0000da39a3ee5e6b4b0d3255bfef95601890afd80709,,C:\Windows\SystemApps\Microsoft.AAD.BrokerPlugin_cw5n1h2txyewy,Application,AppxPackage,Win10StoreApp,,
0000c6b7f1a394d14a356e2e6de0ba7b2b1300000904,2023-10-15 10:56:47.9855845,Microsoft.Windows.AssignedAccessLockApp,1000.19041.1023.0,"CN=Microsoft Windows, O=Microsoft Corporation, L=Redmond, S=Washington, C=US",,,,10.0.0.19045,,,False,True,1033,C:\Windows\SystemApps\Microsoft.Windows.AssignedAccessLockApp_cw5n1h2txyewy\AppXManifest.xml,,,Microsoft.Windows.AssignedAccessLockApp_1000.19041.1023.0_neutral_neutral_cw5n1h2txyewy,0000da39a3ee5e6b4b0d3255bfef95601890afd80709,,C:\Windows\SystemApps\Microsoft.Windows.AssignedAccessLockApp_cw5n1h2txyewy,Application,AppxPackage,Win10StoreApp,,
0000c8ad5c4cbaba8226d36721da997b749300000904,2023-10-15 10:57:03.3614684,Microsoft.Windows.SecHealthUI,10.0.19041.1865,"CN=Microsoft Windows, O=Microsoft Corporation, L=Redmond, S=Washington, C=US",,,,10.0.0.19045,,,False,True,1033,C:\Windows\SystemApps\Microsoft.Windows.SecHealthUI_cw5n1h2txyewy\AppXManifest.xml,,,Microsoft.Windows.SecHealthUI_10.0.19041.1865_neutral__cw5n1h2txyewy,0000da39a3ee5e6b4b0d3255bfef95601890afd80709,,C:\Windows\SystemApps\Microsoft.Windows.SecHealthUI_cw5n1h2txyewy,Application,AppxPackage,Win10StoreApp,,
0000cb16e6aab30ff5bd500525c654ebaaf400000904,2023-10-15 10:58:12.7353735,Microsoft.WebpImageExtension,1.0.62681.0,"CN=Microsoft Corporation, O=Microsoft Corporation, L=Redmond, S=Washington, C=US",,,,10.0.0.19045,,C:\Program Files\WindowsApps\Microsoft.WebpImageExtension_1.0.62681.0_neutral_~_8wekyb3d8bbwe\AppxMetadata\AppXBundleManifest.xml,False,False,1033,C:\Program Files\WindowsApps\Microsoft.WebpImageExtension_1.0.62681.0_x64__8wekyb3d8bbwe\AppXManifest.xml,,,Microsoft.WebpImageExtension_1.0.62681.0_x64__8wekyb3d8bbwe,0000da39a3ee5e6b4b0d3255bfef95601890afd80709,,C:\Program Files\WindowsApps\Microsoft.WebpImageExtension_1.0.62681.0_x64__8wekyb3d8bbwe,Application,AppxPackage,Win10StoreApp,,
0000cc5aef8e2ac7c01425e2a05db1b3c74e00000904,2023-10-15 10:57:20.2524925,Windows.CBSPreview,10.0.19041.1023,"CN=Microsoft Windows, O=Microsoft Corporation, L=Redmond, S=Washington, C=US",,,,10.0.0.19045,,,False,True,1033,C:\Windows\SystemApps\Windows.CBSPreview_cw5n1h2txyewy\AppXManifest.xml,,,Windows.CBSPreview_10.0.19041.1023_neutral_neutral_cw5n1h2txyewy,0000da39a3ee5e6b4b0d3255bfef95601890afd80709,,C:\Windows\SystemApps\Windows.CBSPreview_cw5n1h2txyewy,Application,AppxPackage,Win10StoreApp,,
0000ccd62077e37293b308e34184c180e1cd00000904,2023-10-15 10:57:10.3448714,Microsoft.Windows.StartMenuExperienceHost,10.0.19041.1023,"CN=Microsoft Windows, O=Microsoft Corporation, L=Redmond, S=Washington, C=US",,,,10.0.0.19045,,,False,True,1033,C:\Windows\SystemApps\Microsoft.Windows.StartMenuExperienceHost_cw5n1h2txyewy\AppXManifest.xml,,,Microsoft.Windows.StartMenuExperienceHost_10.0.19041.1023_neutral_neutral_cw5n1h2txyewy,0000da39a3ee5e6b4b0d3255bfef95601890afd80709,,C:\Windows\SystemApps\Microsoft.Windows.StartMenuExperienceHost_cw5n1h2txyewy,Application,AppxPackage,Win10StoreApp,,
0000cdf484e32a312b7b91d6c4508207a68e00000904,2023-10-15 10:58:11.2981621,Microsoft.WindowsCamera,2023.2305.4.0,"CN=Microsoft Corporation, O=Microsoft Corporation, L=Redmond, S=Washington, C=US",,,,10.0.0.19045,,C:\Program Files\WindowsApps\Microsoft.WindowsCamera_2022.2305.4.0_neutral_~_8wekyb3d8bbwe\AppxMetadata\AppXBundleManifest.xml,False,False,1033,C:\Program Files\WindowsApps\Microsoft.WindowsCamera_2023.2305.4.0_x64__8wekyb3d8bbwe\AppXManifest.xml,,,Microsoft.WindowsCamera_2023.2305.4.0_x64__8wekyb3d8bbwe,0000da39a3ee5e6b4b0d3255bfef95601890afd80709,,C:\Program Files\WindowsApps\Microsoft.WindowsCamera_2023.2305.4.0_x64__8wekyb3d8bbwe,Application,AppxPackage,Win10StoreApp,,
0000d1178e30165289ce0e0fce12de834f3800000000,2023-10-15 10:58:12.8447543,Microsoft Update Health Tools,3.73.0.0,Microsoft Corporation,,2023-10-14 00:00:00.0000000,,10.0.0.19045,,,False,False,0,,{A8AE421E-C471-4190-B545-E337A949C04E},{2953E19B-9F91-4A49-A23B-7E25970A1951},,0000d4aae3d7efefb8eeb991f7b217552fa916ec414a,HKEY_LOCAL_MACHINE\Software\Microsoft\Windows\CurrentVersion\Uninstall\{2953E19B-9F91-4A49-A23B-7E25970A1951},,Application,Msi,,MsiExec.exe /X{2953E19B-9F91-4A49-A23B-7E25970A1951},
0000d18cecd8e17f2aac789bc3d61e4a784d00000904,2023-10-15 10:57:43.4388674,Microsoft.Office.OneNote,16001.12026.20112.0,"CN=Microsoft Corporation, O=Microsoft Corporation, L=Redmond, S=Washington, C=US",,,,10.0.0.19045,,C:\Program Files\WindowsApps\Microsoft.Office.OneNote_16001.12026.20112.0_neutral_~_8wekyb3d8bbwe\AppxMetadata\AppXBundleManifest.xml,False,False,1033,C:\Program Files\WindowsApps\Microsoft.Office.OneNote_16001.12026.20112.0_x64__8wekyb3d8bbwe\AppXManifest.xml,,,Microsoft.Office.OneNote_16001.12026.20112.0_x64__8wekyb3d8bbwe,0000da39a3ee5e6b4b0d3255bfef95601890afd80709,,C:\Program Files\WindowsApps\Microsoft.Office.OneNote_16001.12026.20112.0_x64__8wekyb3d8bbwe,Application,AppxPackage,Win10StoreApp,,
0000dae307fa2f1fdb000e7934cb1f78559400000904,2023-10-15 10:56:46.5634127,Microsoft.Win32WebViewHost,10.0.19041.1023,"CN=Microsoft Windows, O=Microsoft Corporation, L=Redmond, S=Washington, C=US",,,,10.0.0.19045,,,False,True,1033,C:\Windows\SystemApps\Microsoft.Win32WebViewHost_cw5n1h2txyewy\AppXManifest.xml,,,Microsoft.Win32WebViewHost_10.0.19041.1023_neutral_neutral_cw5n1h2txyewy,0000da39a3ee5e6b4b0d3255bfef95601890afd80709,,C:\Windows\SystemApps\Microsoft.Win32WebViewHost_cw5n1h2txyewy,Application,AppxPackage,Win10StoreApp,,
0000dc3ff3a1bc2106e9bcc2bdc922d6f5cb00000904,2023-10-15 10:57:11.7198749,Microsoft.XboxGameCallableUI,1000.19041.1023.0,"CN=Microsoft Windows, O=Microsoft Corporation, L=Redmond, S=Washington, C=US",,,,10.0.0.19045,,,False,True,1033,C:\Windows\SystemApps\Microsoft.XboxGameCallableUI_cw5n1h2txyewy\AppXManifest.xml,,,Microsoft.XboxGameCallableUI_1000.19041.1023.0_neutral_neutral_cw5n1h2txyewy,0000da39a3ee5e6b4b0d3255bfef95601890afd80709,,C:\Windows\SystemApps\Microsoft.XboxGameCallableUI_cw5n1h2txyewy,Application,AppxPackage,Win10StoreApp,,
0000df8f19fbe059c89330971e8f66fe2c350000ffff,2023-10-15 10:58:14.4072511,Microsoft OneDrive,21.220.1024.0005,Microsoft Corporation,,2023-10-14 16:16:12.0000000,,10.0.0.19045,,,False,False,65535,,,,,00004cacabc64260839b8b8adc35de9ef6f4477a5e8d,HKEY_USERS\S-1-5-21-493764328-2832107450-665611998-1001\Software\Microsoft\Windows\CurrentVersion\Uninstall\OneDriveSetup.exe,c:\Users\Bob Ross\AppData\Local\microsoft\OneDrive\21.220.1024.0005,Application,AddRemoveProgramPerUser,,C:\Users\Bob Ross\AppData\Local\Microsoft\OneDrive\21.220.1024.0005\OneDriveSetup.exe  /uninstall,
0000e73be77f71210ca30f7910399aa97a5a00000904,2023-10-15 10:56:44.2980659,Microsoft.CredDialogHost,10.0.19041.1023,"CN=Microsoft Windows, O=Microsoft Corporation, L=Redmond, S=Washington, C=US",,,,10.0.0.19045,,,False,True,1033,C:\Windows\SystemApps\microsoft.creddialoghost_cw5n1h2txyewy\AppXManifest.xml,,,Microsoft.CredDialogHost_10.0.19041.1023_neutral__cw5n1h2txyewy,0000da39a3ee5e6b4b0d3255bfef95601890afd80709,,C:\Windows\SystemApps\microsoft.creddialoghost_cw5n1h2txyewy,Application,AppxPackage,Win10StoreApp,,
0000f164e220b9effa7175b8a56922da40b000000904,2023-10-15 10:58:06.7353582,Microsoft.XboxSpeechToTextOverlay,1.17.29001.0,"CN=Microsoft Corporation, O=Microsoft Corporation, L=Redmond, S=Washington, C=US",,,,10.0.0.19045,,C:\Program Files\WindowsApps\Microsoft.XboxSpeechToTextOverlay_1.17.29001.0_neutral_~_8wekyb3d8bbwe\AppxMetadata\AppXBundleManifest.xml,False,False,1033,C:\Program Files\WindowsApps\Microsoft.XboxSpeechToTextOverlay_1.17.29001.0_x64__8wekyb3d8bbwe\AppXManifest.xml,,,Microsoft.XboxSpeechToTextOverlay_1.17.29001.0_x64__8wekyb3d8bbwe,0000da39a3ee5e6b4b0d3255bfef95601890afd80709,,C:\Program Files\WindowsApps\Microsoft.XboxSpeechToTextOverlay_1.17.29001.0_x64__8wekyb3d8bbwe,Application,AppxPackage,Win10StoreApp,,
0000f5a38db641839c0222f9a0ef1fcd3c2a00000904,2023-10-15 10:57:29.9071827,Microsoft.HEIFImageExtension,1.0.22742.0,"CN=Microsoft Corporation, O=Microsoft Corporation, L=Redmond, S=Washington, C=US",,,,10.0.0.19045,,,False,False,1033,C:\Program Files\WindowsApps\Microsoft.HEIFImageExtension_1.0.22742.0_x64__8wekyb3d8bbwe\AppXManifest.xml,,,Microsoft.HEIFImageExtension_1.0.22742.0_x64__8wekyb3d8bbwe,0000da39a3ee5e6b4b0d3255bfef95601890afd80709,,C:\Program Files\WindowsApps\Microsoft.HEIFImageExtension_1.0.22742.0_x64__8wekyb3d8bbwe,Application,AppxPackage,Win10StoreApp,,
0000f93024ac6ac42b9f8216ad8096fd7ae800000904,2023-10-15 10:57:23.3450470,Windows.PrintDialog,6.2.1.0,"CN=Microsoft Windows, O=Microsoft Corporation, L=Redmond, S=Washington, C=US",,,,10.0.0.19045,,,False,True,1033,C:\Windows\PrintDialog\AppXManifest.xml,,,Windows.PrintDialog_6.2.1.0_neutral_neutral_cw5n1h2txyewy,0000da39a3ee5e6b4b0d3255bfef95601890afd80709,,C:\Windows\PrintDialog,Application,AppxPackage,Win10StoreApp,,
0000f961595cce957f97b9f73e4a1478d78100000904,2023-10-15 10:57:41.8448342,Microsoft.MSPaint,6.1907.29027.0,"CN=Microsoft Corporation, O=Microsoft Corporation, L=Redmond, S=Washington, C=US",,,,10.0.0.19045,,C:\Program Files\WindowsApps\Microsoft.MSPaint_2019.729.2301.0_neutral_~_8wekyb3d8bbwe\AppxMetadata\AppXBundleManifest.xml,False,False,1033,C:\Program Files\WindowsApps\Microsoft.MSPaint_6.1907.29027.0_x64__8wekyb3d8bbwe\AppXManifest.xml,,,Microsoft.MSPaint_6.1907.29027.0_x64__8wekyb3d8bbwe,0000da39a3ee5e6b4b0d3255bfef95601890afd80709,,C:\Program Files\WindowsApps\Microsoft.MSPaint_6.1907.29027.0_x64__8wekyb3d8bbwe,Application,AppxPackage,Win10StoreApp,,
0000f9e0cd25484d472b0c20efdf037d22dc00000904,2023-10-15 10:57:18.8294058,NcsiUwpApp,1000.19041.1023.0,"CN=Microsoft Corporation, O=Microsoft Corporation, L=Redmond, S=Washington, C=US",,,,10.0.0.19045,,,False,True,1033,C:\Windows\SystemApps\NcsiUwpApp_8wekyb3d8bbwe\AppXManifest.xml,,,NcsiUwpApp_1000.19041.1023.0_neutral_neutral_8wekyb3d8bbwe,0000da39a3ee5e6b4b0d3255bfef95601890afd80709,,C:\Windows\SystemApps\NcsiUwpApp_8wekyb3d8bbwe,Application,AppxPackage,Win10StoreApp,,
0000f9e1f090a4f254733b7d6f4e140da0d600000904,2023-10-15 10:58:12.9085043,Microsoft Visual C++ 2022 X64 Additional Runtime - 14.32.31326,14.32.31326,Microsoft Corporation,,2023-10-14 00:00:00.0000000,,10.0.0.19045,,,True,False,1033,,{97E7C47F-94A7-40FC-BE44-36224310E4DD},{38624EB5-356D-4B08-8357-C33D89A5C0C5},,0000da39a3ee5e6b4b0d3255bfef95601890afd80709,HKEY_LOCAL_MACHINE\Software\Microsoft\Windows\CurrentVersion\Uninstall\{38624EB5-356D-4B08-8357-C33D89A5C0C5},C:\ProgramData\Package Cache\{38624EB5-356D-4B08-8357-C33D89A5C0C5}v14.32.31326\packages\vcRuntimeAdditional_amd64\,Application,Msi,,MsiExec.exe /I{38624EB5-356D-4B08-8357-C33D89A5C0C5},
0000fa70331584e77c3f6789f4d1ddc919cc00000904,2023-10-15 10:56:56.3135968,Microsoft.Windows.NarratorQuickStart,10.0.19041.1023,"CN=Microsoft Corporation, O=Microsoft Corporation, L=Redmond, S=Washington, C=US",,,,10.0.0.19045,,,False,True,1033,C:\Windows\SystemApps\microsoft.windows.narratorquickstart_8wekyb3d8bbwe\AppXManifest.xml,,,Microsoft.Windows.NarratorQuickStart_10.0.19041.1023_neutral_neutral_8wekyb3d8bbwe,0000da39a3ee5e6b4b0d3255bfef95601890afd80709,,C:\Windows\SystemApps\microsoft.windows.narratorquickstart_8wekyb3d8bbwe,Application,AppxPackage,Win10StoreApp,,
0000faf2e720a67bac394c85aa19479e195a00000904,2023-10-15 10:56:42.5480545,F46D4000-FD22-4DB4-AC8E-4E1DDDE828FE,10.0.19041.1023,"CN=Microsoft Windows, O=Microsoft Corporation, L=Redmond, S=Washington, C=US",,,,10.0.0.19045,,,False,True,1033,C:\Windows\SystemApps\Microsoft.Windows.AddSuggestedFoldersToLibraryDialog_cw5n1h2txyewy\AppXManifest.xml,,,F46D4000-FD22-4DB4-AC8E-4E1DDDE828FE_10.0.19041.1023_neutral_neutral_cw5n1h2txyewy,0000da39a3ee5e6b4b0d3255bfef95601890afd80709,,C:\Windows\SystemApps\Microsoft.Windows.AddSuggestedFoldersToLibraryDialog_cw5n1h2txyewy,Application,AppxPackage,Win10StoreApp,,
0000fb4fc5ce1f2d953da1c84efc173e84c900000904,2023-10-15 10:58:01.3137138,Microsoft.WindowsSoundRecorder,10.1906.1972.0,"CN=Microsoft Corporation, O=Microsoft Corporation, L=Redmond, S=Washington, C=US",,,,10.0.0.19045,,C:\Program Files\WindowsApps\Microsoft.WindowsSoundRecorder_2019.716.2313.0_neutral_~_8wekyb3d8bbwe\AppxMetadata\AppXBundleManifest.xml,False,False,1033,C:\Program Files\WindowsApps\Microsoft.WindowsSoundRecorder_10.1906.1972.0_x64__8wekyb3d8bbwe\AppXManifest.xml,,,Microsoft.WindowsSoundRecorder_10.1906.1972.0_x64__8wekyb3d8bbwe,0000da39a3ee5e6b4b0d3255bfef95601890afd80709,,C:\Program Files\WindowsApps\Microsoft.WindowsSoundRecorder_10.1906.1972.0_x64__8wekyb3d8bbwe,Application,AppxPackage,Win10StoreApp,,
0000fe2e7c2607987cf839cf5510adda25aa00000904,2023-10-15 10:57:52.5012582,Microsoft.WebMediaExtensions,1.0.20875.0,"CN=Microsoft Corporation, O=Microsoft Corporation, L=Redmond, S=Washington, C=US",,,,10.0.0.19045,,C:\Program Files\WindowsApps\Microsoft.WebMediaExtensions_1.0.20875.0_neutral_~_8wekyb3d8bbwe\AppxMetadata\AppXBundleManifest.xml,False,False,1033,C:\Program Files\WindowsApps\Microsoft.WebMediaExtensions_1.0.20875.0_x64__8wekyb3d8bbwe\AppXManifest.xml,,,Microsoft.WebMediaExtensions_1.0.20875.0_x64__8wekyb3d8bbwe,0000da39a3ee5e6b4b0d3255bfef95601890afd80709,,C:\Program Files\WindowsApps\Microsoft.WebMediaExtensions_1.0.20875.0_x64__8wekyb3d8bbwe,Application,AppxPackage,Win10StoreApp,,
